Series	N	NF	Category			1	2	3	4	5	6	7	8	9	10	11	12	13	14	15	16	17	18	19	20	21	22	23	24	25	26	27	28	29	30	31	32	33	34	35	36	37	38	39	40	41	42	43	44	45	46	47	48	49	50	51	52	53	54	55	56	57	58	59	60	61	62	63	64	65	66	67	68	69	70	71	72	73	74	75	76	77	78	79	80	81	82	83	84	85	86	87	88	89	90	91	92	93	94	95	96	97	98	99	100	101	102	103	104
N2830	104	8	MICRO       	0	0	3060.42	3021.19	3301.13	3287.03	3080.71	3160.68	3077.17	3023.04	2976.01	3199.55	3219.28	3266.87	3228.6	3108.45	3052.15	3081.1	3072.48	2989.99	2983.53	2978.99	3075.09	3259.02	3252.64	3197.5	3095.91	3213.78	3174.21	3196.42	3752.91	4238.37	4140.09	3959.7	3892.21	3892.16	3757.58	3738.49	3626.78	3658.79	3723.11	3710.43	3640.67	3676.83	3642.97	3676.8	3635.68	3687.71	3649.13	3857.15	3930.03	3737.96	3774.24	3767.55	3699.6	3620.3	3641	3656.02	3710.94	3913.79	3829.84	3856.37	3712.15	3829.26	4048.86	4420.14	4603.3	4738.44	4762.83	4812.26	4816.1	4680.41	4521.21	4586.8	4585.28	4556.63	4292.69	4261.42	4235.59	4258.32	4321.97	4245.44	4274.12	4149.42	4155.7	4117.26	4204.07	4041.04	4157.26	4141.84	4183.9	4215.39	4138.89	4031.36	4339.38	4509.34	4547.25	4542.51	4381.08	4405.63	4377.02	4371.18	4255.07	4285.44	4260.68	4249.63
N2831	104	8	MICRO       	0	0	5000	4792.64	5302.5	5172.77	5176.38	5276.81	5258.25	5371.61	2145.7	3014.7	5332.42	5136.98	4942.18	4908.24	4853.96	4817.09	4744.05	4699.57	4804.79	4600.73	4797.68	5110.08	5078.75	5018.96	4011.86	4090.48	4913.46	4240.02	6509.79	7859.62	6363.76	7003.48	6958.76	6733.07	6469.06	6330.34	6039.73	6086.94	6109.5	6257.65	6082.85	5741.47	5662.94	5767.05	4777.08	5908.48	5807.5	5975.05	6344.21	5874.56	5909.35	5773.7	5636.26	5596.33	5469.31	5511.6	5692.81	6051.92	6041.71	6172.7	3720.53	2334.49	5925.71	6911.53	7087.86	7285.18	7432.69	7402.42	7213.8	7045.13	6491.6	6688.19	6951.72	6711.19	6119.13	5190.13	4863.08	6420.07	6359.25	5206.96	6865.25	6385.85	6332.37	5316.1	6737.33	6193.65	6574.34	6873.75	6680.3	6426.92	6315.48	5967.75	6702.58	6865.46	7198.34	7059.1	5875.23	6765.19	6546.78	6681.54	6130.36	6383.16	6225.59	6222.02
N2832	104	8	MICRO       	0	0	1256	3075	3109.7	3317.5	29	945	3417.5	500	960.06	442	2405.5	1182.5	2295	3353.5	1880.5	4120.5	1046	3844	1643.5	1311.5	4313.5	1470	4789.5	7152.5	4035.5	5468.63	5347.5	5366.5	9754	13015.5	9498.5	5200	9563.5	9901	6254	2296.5	3562.5	4775.5	9663.08	10044	5764.5	5121	1620.5	4336.5	6665.5	3031.5	4550.25	1936.75	2578.5	2483	5793.5	1923	4936.5	2952	2476.25	1353	2545	1670	1394	28	2247	4235	922.5	1893.5	1216	889	1981	910	1339.5	3258.5	464.5	7398	6108.5	6422.5	1499	3406	3774	3790.5	7705	9527	5733	5974.5	5018.5	7740	5258	4083	7907	12564.5	8163	3647	3351	2920	7485	6953	8233.25	8104	5417	3876.5	5123	3364.5	1267.5	4154.5	5611	4646.5
N2833	104	8	MICRO       	0	0	7310	5417.5	4907	4767.5	5300	3672.5	1942.5	5882.5	4710.94	5195	4590	3850	2482.5	3495	5352.5	5645	3572.5	6167.5	5980	5580	6815	4837.5	5352.5	7822.5	5487.5	7384.38	6677.5	8362.5	10115	11865	11107.5	10282.5	11070	10027.5	11085	10202.5	9365	11022.5	11285.83	12300	11585	8817.5	10022.5	9877.5	8360	8427.5	9372.5	8463.75	7915	6777.5	6707.5	6635	6370	5890	5547.5	5260	5240	4882.5	4775	4860	4932.5	5127.5	5022.5	5202.5	5290	5232.5	5210	3735	4735	3285	3280	7225	7660	5257.5	5540	6366.25	7340	7987.5	9555	7422.5	8757.5	9017.5	9010	10062.5	11322.5	8770	10277.5	12135	9717.5	10180	10095	10035	10475	10712.5	11781.25	8960	9340	9472.5	8052.5	8320	6662.5	7757.5	6345	5425
N2834	104	8	FINANCE     	0	0	5303.23	5398.27	5377.98	5346.32	5298.88	5313.94	5274.03	5245.54	5261.73	5135.24	5104.96	5162.13	5113.61	5118.38	5144.15	5020.32	5037.74	5021.75	4952.28	4935.58	4895.67	4829.73	4916.11	4929.27	4954.12	4987.73	4962.37	5016.37	5021.03	5033.02	4977.13	4996.85	4995.21	5018.01	4998.29	4998.29	4932.76	4939.83	4914.93	4910.01	4979.94	5018.93	5052.03	5062.38	5106.03	5081.39	5131.39	5102.75	5138.87	5120.33	5129.75	5124.12	5141.49	5137.03	5196.66	5238.22	5217.06	5193.33	5134.67	5162.59	5171.3	5230.22	5232.32	5204.4	5185.39	5169.66	5226.94	5196.15	5192.41	5179.96	5182.78	5195.23	5200.15	5235.86	5235.86	5245.23	5246.16	5187.49	5148.04	5112.13	5054.39	5033.48	5049.93	5065.2	5007.2	5019.4	5045.01	5071.5	5085.59	5114.95	5147.12	5179.3	5180.22	5180.42	5284.89	5308.77	5305.43	5297.8	5300.67	5293.75	5321.88	5308.82	5308.56	5294.78
N2835	103	8	FINANCE     	0	0	5450.89	5445.71	5430.19	5407.54	5356.57	5388.02	5445.46	5432.03	5414.41	5413.64	5322.34	5340.53	5338.28	5346.73	5281.1	5241.29	5222.38	5255.94	5275.1	5282.58	5301.49	5306.46	5306.46	5250	5288.78	5305.43	5271.36	5331.31	5388.54	5428.55	5449.71	5443.97	5397.71	5411.39	5354.93	5258.97	5280.07	5302.46	5295.03	5263.17	5283.56	5240.06	5242.06	5186.83	5068.68	4875.94	4847.1	4912.26	4941.37	4861.49	4900.79	4888.59	4883.63	4776.44	4712.3	4733.92	4639.9	4569.77	4427.49	4485.69	4630.68	4619.51	4660.55	4600.3	4630.48	4630.48	4622.74	4649.43	4609.01	4664.65	4658.66	4656.91	4674.64	4610.5	4576.58	4580.58	4605.27	4577.55	4522.17	4517.15	4402.59	4442.81	4415.86	4353.92	4396.59	4522.43	4538.62	4505.21	4524.42	4516.17	4532.62	4413.86	4363.65	4298.53	4354.94	4381.38	4332.24	4340.7	4456.54	4546.61	4566.85	4529.14	4530.88	
N2836	104	8	FINANCE     	0	0	4716.65	4687.35	4647.28	4639.75	4567.15	4563.62	4512.79	4555.88	4555.21	4519.2	4528.57	4562.54	4779.42	4841	4811.95	4771.52	4801.34	4888.8	4907.3	4893.77	4896.23	4997.98	5028.51	5009.56	5080.06	5114.54	5200.05	5174.89	5199.79	5317.32	5266.34	5302.05	5240.47	5330.13	5330.13	5329.67	5288.27	5286.79	5293.19	5298.36	5236.52	5293.65	5284.07	5341.25	5328.64	5427.22	5398.89	5373.01	5339.25	5320.04	5297.6	5330.9	5316.6	5303.28	5283.56	5198.3	5209.88	5189.7	5187.24	5203.73	5297.85	5315.58	5302.57	5302.57	5246.11	5340.22	5321.27	5325.93	5285.04	5322.5	5254.25	5260.91	5310.92	5340.48	5347.4	5437.31	5482.19	5479.94	5423.79	5350.83	5355.54	5397.4	5363.89	5351.34	5286.02	5295.14	5375.22	5388.79	5391.97	5406.01	5375.93	5401.09	5477.73	5390.64	5389.2	5313.73	5268.55	5313.73	5299.75	5284.84	5300.93	5318.14	5313.48	5340.99
N2837	103	8	FINANCE     	0	0	5585.38	5590.96	5556.28	5535.53	5498.48	5490.54	5508.48	5453.76	5470.05	5536.19	5512.01	5490.08	5397.6	5383.41	5395.76	5300	5274.13	5282.99	5316.04	5279.25	5374.09	5393.4	5357.28	5357.28	5367.07	5420.66	5394.58	5383.41	5416.46	5436.03	5447.92	5437.21	5422.04	5495.92	5493.36	5484.24	5438.85	5410.41	5449.09	5442.59	5468.41	5506.37	5511.75	5510.11	5499.66	5472.61	5529.84	5529.84	5509.86	5479.32	5483.78	5491.47	5468.61	5463.03	5415.79	5275.67	5291.5	5456.78	5467.49	5536.14	5532.2	5506.37	5557.35	5551.31	5543.83	5543.83	5492.13	5474.25	5462.11	5453.5	5447.71	5405.8	5430.91	5464.93	5437.93	5472.61	5462.36	5466.77	5481.88	5485.16	5470.97	5498.43	5490.03	5494.03	5480.3	5507.3	5512.16	5516.36	5481.12	5440.9	5408.72	5444.69	5414.41	5474.25	5498.38	5573.59	5614.99	5677.5	5669.66	5697.58	5666.84	5643.17	5641.02	
N2838	103	8	FINANCE     	0	0	5926.85	5904.1	5950.01	5957.59	5980.29	5975.32	5954.52	5913.33	5904.62	6004.88	6069.03	6069.74	6055.3	6032.09	5973.68	6039.67	5974.14	5954.26	5952.62	5986.23	5921.37	5963.48	5920.19	5936.28	5985.05	5983.36	5992.58	5943.4	5975.78	5989.31	6040.13	5976.75	6000.17	6000.17	5988.33	5998.53	6111.35	6099.77	6081.07	6030.7	6079.68	6050.58	6042.74	6067.13	6099.05	6070.92	6018.87	5963.28	5953.08	5976.5	5927.77	5931.31	5965.64	5962.56	6002.99	5991.2	6024.76	6060.73	6032.6	5995.45	5978.19	5990.48	5933.92	5931.1	5952.37	5959.49	5921.63	5915.73	5948.11	5826.02	5772.59	5874.54	5921.63	5923.52	6002.32	6100.95	6124.62	6124.62	6055.04	6039.21	6019.07	6072.31	6024.56	5986.9	5998.53	6046.07	6089.62	6047.51	6124.36	6127.69	6157.25	6131.48	6145.93	6178.56	6170.52	6176.77	6110.58	6088.55	6111.65	6140.75	6134.81	6112.68	6129.58	
N2839	104	8	FINANCE     	0	0	6153.77	6125.69	6141.42	6136.5	6150.9	6164.83	6091.77	6031.57	6037	6060.62	6062.98	6033.67	5951.03	5917.27	5930.9	5910.97	5908.1	5913.89	5892.17	5875.93	5969.84	5970.66	6046.79	6004.93	6004.93	6015.69	5968.35	5936.53	5985.21	5996.22	6012.57	6042.79	6040.44	6048.89	6003.04	5944.99	5956.93	5897.55	5906.82	5910.3	5914.81	6003.04	6073.84	6117.03	6106.94	6104.84	6083.88	6030.09	5990.07	5972.55	5969.38	5950.06	5916.09	5898.37	5934.13	5949.24	5952.67	5917.42	5912.92	5839.5	5777.25	5776.17	5776.43	5792.88	5818.03	5812.75	5851.95	5915.32	5906.31	5880.07	5880.07	5851.95	5883.51	5954.57	5950.06	6059.8	5971.27	5946.78	5952.67	5977.16	5982.03	5924.7	5903.49	5932.79	5877.67	5926.6	5916.4	5909.64	5865.52	5786.73	5748.56	5767.1	5718.43	5752.04	5674.01	5731.34	5789.7	5786.21	5779.45	5811.22	5825.72	5833.55	5844.83	5869.06
N2840	103	8	FINANCE     	0	0	6188.3	6188.86	6201.21	6170.32	6157.66	6177.03	6167.86	6156.59	6202.59	6223.55	6246.14	6216.27	6185.63	6190.76	6181.33	6216.27	6236.46	6235.64	6257.72	6280.57	6324.68	6341.64	6415.57	6517.02	6548.47	6547.4	6480.69	6476.13	6505.18	6483.36	6483.36	6310.44	6298.61	6267.4	6302.91	6353.99	6317.66	6384.12	6425.82	6415.06	6348.61	6419.88	6448.41	6450.57	6469.68	6577.78	6590.43	6588.54	6552.52	6488.22	6497.65	6501.39	6458.61	6528.54	6531.52	6522.09	6546.32	6528.29	6559.23	6526.14	6579.42	6579.93	6554.11	6569.99	6458.92	6482.84	6515.38	6585.06	6579.11	6579.11	6665.19	6702.33	6715.24	6738.65	6774.93	6732.2	6670.31	6683.48	6616.77	6585.57	6519.17	6564.61	6554.67	6559.49	6567.84	6608.98	6595.25	6577.42	6577.98	6556.72	6559.18	6580.96	6619.95	6558.11	6549.09	6532.23	6511.79	6618.87	6651.2	6597.66	6616.67	6636.85	6682.66	
N2841	104	8	FINANCE     	0	0	6708.63	6718.01	6673.84	6667.49	6660.83	6602.63	6597.35	6547.4	6579.68	6559.85	6539.41	6544.38	6534.44	6495.5	6521.73	6502.82	6485.25	6542.89	6539.56	6618.05	6599.09	6622.46	6624.4	6590.49	6590.49	6523.42	6514.2	6587.16	6578.8	6562.92	6561.79	6642.64	6646.84	6636.24	6640.85	6680.97	6701.51	6674.77	6719.24	6751	6728.51	6728.51	6758.28	6752.39	6780.82	6778.82	6768.98	6743.11	6763.35	6799.06	6807.51	6809.2	6788.4	6792.6	6800.75	6840.97	6857.31	6882.06	6860.64	6847.17	6912.13	6952.04	6931.55	6925.91	6928.99	6960.5	6930.12	6878.93	6880.06	6880.06	6840.41	6796.24	6806.39	6857.88	6902.86	6849.42	6880.06	6877.55	6853.37	6803.88	6734.4	6766.73	6765.91	6779.13	6826.37	6837.33	6809.2	6786.15	6824.68	6813.97	6813.4	6822.12	6803.88	6801.06	6821.3	6801.88	6817.35	6836.77	6862.08	6885.13	6887.39	6901.73	6885.13	6889.08
N2842	103	8	FINANCE     	0	0	7054.46	7083.82	7119.73	7143.45	7164.1	7241.26	7207.6	7219.79	7209.6	7250.84	7232.75	7234.45	7251.97	7244.08	7264.42	7257.35	7229.94	7264.16	7310.22	7346.39	7413.87	7385.33	7411.56	7387.02	7238.13	7274.36	7267.49	7304.89	7227.58	7217.59	7225.28	7243.82	7240.39	7219.02	7163.95	7163.95	7213.59	7181.37	7068.65	7070.96	7073.21	7027.87	7038.73	7022.75	7048.42	7083.77	7084.64	7070.09	7013.32	7048.11	7049.85	7040.47	7064.14	7075.72	7080.9	7024.85	7031.2	7045.65	6961.57	6918.54	6915.05	6786.51	6651.61	6649	6649	6554.83	6711.71	6712.83	6733.07	6683.12	6684.3	6661.04	6641.36	6631.32	6632.5	6558.11	6526.08	6509.02	6618.97	6621.94	6702.79	6708.99	6708.99	6687.83	6741.93	6736.04	6743.11	6713.7	6690.14	6614.57	6523.98	6557.8	6473.72	6501.34	6494.01	6494.01	6560.57	6636.6	6695.26	6677.58	6645.26	6663.85	6675.79	
N2843	103	8	FINANCE     	0	0	6718.93	6704.53	6721.29	6716.21	6699.15	6688.96	6678.15	6704.53	6731.17	6798.8	6759.51	6808.85	6751.87	6694.95	6617.28	6645.87	6620.61	6504.57	6570.76	6542.43	6561.85	6503.34	6549.24	6549.24	6546.42	6558.46	6583.42	6614.21	6576.96	6571.84	6573.22	6639.11	6663.19	6664.72	6663.8	6625.68	6631.93	6650.69	6652.84	6638.49	6600.73	6620.56	6668.46	6720.31	6742.14	6756.23	6716.27	6678.15	6676.92	6685.01	6706.89	6667.85	6702.79	6692.8	6727.18	6720.93	6669.69	6659.09	6645.67	6684.4	6775.85	6750.29	6827.39	6863.31	6892.66	6899.84	6859.87	6831.75	6831.75	6835.9	6809.46	6826.67	6748.85	6702.02	6720.52	6738.96	6801.77	6756.18	6744.39	6619.74	6585.62	6580.85	6565.53	6581.16	6597.4	6623.28	6580.19	6587.57	6579.21	6489.61	6451.49	6432.63	6464.96	6519.07	6603.55	6609.96	6629.78	6664.06	6672.67	6669.49	6720.36	6672.36	6637.16	
N2844	103	8	FINANCE     	0	0	6529.31	6565.43	6604.52	6604.52	6638.13	6635.57	6636.34	6636.19	6650.58	6712.68	6774.47	6778	6783.13	6721.95	6687.11	6693.47	6677.79	6700.38	6683.89	6697.67	6646.74	6647.41	6649.3	6671.08	6764.53	6764.22	6760.69	6752.69	6745.37	6804.54	6837.23	6846.14	6899.32	6897.38	6855.47	6855.47	6874.48	6898.35	6945.69	6954.66	6899.79	6950.76	6913.41	6878.98	6879.96	6868.89	6799.37	6813.66	6801.98	6893.59	6893.28	6934.21	6909.83	6955.32	6957.27	6982.63	6954.66	6957.94	6952.4	7023.57	7105.13	7097.96	7100.57	7154.83	7113.58	7109.03	7179.83	7174.3	7187.98	7189.77	7194.13	7173.99	7198.38	7230.55	7230.55	7180.19	7151.6	7175.32	7206.17	7253.91	7306.89	7321.19	7327.38	7353.67	7371.55	7346.55	7339.37	7414.43	7357.92	7314.37	7364.73	7369.29	7379.34	7397.88	7436.21	7459.62	7477.5	7432.31	7332.87	7312.07	7393.02	7457.67	7447.89	
N2845	102	8	FINANCE     	0	0	7529.81	7536.93	7521.97	7490.82	7444.66	7500.2	7598.36	7595.75	7601.59	7615.88	7697.45	7685.77	7685.1	7781.93	7762.41	7689.66	7689.97	7728.96	7691.91	7716.61	7749.09	7749.09	7789.72	7879.58	7981.44	8052.6	7995.07	8058.44	8066.49	8026.78	8053.37	7978.21	7870.26	7919.8	7939.84	7972.63	8047.12	8034.36	8114.75	8082.93	8068.79	8046.81	7998.24	8032.72	8030.72	8033.7	8031.39	7998.96	7954.69	7916.17	7975.34	7971.55	7975.85	8002.85	7977.65	7991.74	8000.24	7950.29	7945.22	7980.57	7983.23	7983.54	7956.64	7982.87	8040.25	8040.25	8110.03	8159.89	8148.72	8189.35	8161.83	8204.77	8255.39	8307.7	8314.87	8307.44	8260.92	8282.85	8229	8203.38	8214.14	8218.09	8204.51	8279.31	8283.31	8263.12	8216.96	8180.02	8210.15	8239.61	8151.59	8147.28	8206.82	8225.72	8270.71	8256.82	8265.43	8245.55	8255.49	8252.67	8197.24	8292.74		
N2846	104	8	FINANCE     	0	0	4249.09	4223.12	4204.1	4260.43	4234.7	4180.76	4183.69	4183.73	4231.7	4180.13	4168	4109.22	4147.3	4108.18	4085.99	4068.05	4060.71	3995.67	4020.08	4006.32	4044.46	4017.54	3998.11	4024.97	4086.91	4089.97	4069.14	4024.35	4046.16	4030.74	3965.24	3918.59	3936.76	3942.86	3973.14	3902.87	3864.93	3830.17	3900.49	3829.81	3830.83	3876.01	3927.61	3891	3950.54	3980.16	3975.64	3993.2	4072.66	4079.28	4061.19	4086.06	4132.92	4171.36	4159.36	4112.94	4088.37	4113.41	4064.42	4113.88	4170.7	4132.05	4117.97	4134.75	4186.9	4134.64	4216.12	4249.96	4306.38	4395.2	4424.95	4406.86	4465.72	4494.52	4494.52	4494.52	4515.07	4456.34	4453.02	4521.4	4437.42	4462.11	4441.24	4400.02	4387.52	4345.45	4345.45	4387.01	4456.91	4464.75	4501.25	4501.25	4466.98	4468.82	4441.83	4438.2	4396.86	4396.92	4467.51	4459.5	4442.6	4490.99	4508.7	4508.7
N2847	103	8	FINANCE     	0	0	4432.81	4394.23	4343.27	4353.93	4292.26	4251.85	4259.16	4301.14	4306.42	4272	4222.02	4247.1	4254.57	4263.74	4314.18	4331.91	4360.19	4325.28	4328.36	4321.18	4309.53	4314.71	4280.63	4246.76	4250.83	4225.93	4168.28	4184.33	4194.1	4243.27	4279.9	4288.21	4309.65	4296.3	4311.78	4225.65	4237.48	4243.78	4213.61	4174.16	4151.99	4173.69	4162.01	4073.64	3969.59	3766.47	3847.26	3731	3779.35	3779.35	3654.39	3635.32	3635.32	3659.49	3535.46	3422.75	3283.86	3368.29	3298.38	3434.43	3609.19	3568.54	3606.93	3659.11	3588.91	3490.89	3441.88	3478.81	3417.63	3438.12	3528.58	3511.98	3499.55	3495.69	3429.14	3405.98	3354.82	3334.33	3271.31	3277.53	3190.45	3154.08	3183.34	3235.96	3167.6	3271.76	3342.08	3328.39	3297.09	3295.37	3368.05	3294.37	3270.29	3273.77	3345.84	3395.13	3401.52	3431.41	3498.66	3492.36	3482.27	3559.18	3540.22	
N2848	104	8	FINANCE     	0	0	7567.06	7602.67	7695.12	7657.33	7635.15	7593.92	7609.54	7535.52	7552.07	7434	7390.59	7337.18	7414.64	7299.07	7293.14	7174.76	7156.02	7116.98	7152.27	7229.11	7273.77	7252.53	7300.32	7326.87	7355.92	7334.99	7249.72	7206.93	7280.65	7226.3	7142.9	7162.58	7178.51	7226.92	7264.72	7174.76	7111.98	7057.95	7087.62	6986.11	7025.46	7042.64	7044.52	6991.42	7042.64	6966.74	6921.45	6966.12	7027.65	6978.61	6942.69	6948	6953	6980.49	7071.06	6990.17	7057.95	7028.59	7055.45	7133.53	7178.2	7078.25	7105.73	7068.25	7021.09	6938.95	6998.6	6970.18	6994.85	6937.38	6958	6926.14	6919.89	6940.51	6940.51	6940.51	6916.77	6889.91	6823.69	6831.19	6744.04	6746.23	6693.76	6664.09	6579.75	6569.76	6615.05	6676.58	6668.15	6753.42	6753.42	6815.26	6754.98	6737.17	6796.21	6916.77	6909.59	6937.38	7135.09	7087.31	7127.91	7219.11	7144.46	7112.29
N2849	103	8	FINANCE     	0	0	7430.57	7434	7366.54	7428.69	7391.84	7336.24	7404.64	7513.03	7505.53	7472.11	7404.02	7401.52	7406.21	7403.4	7429.01	7491.47	7495.54	7413.39	7357.79	7416.83	7408.7	7407.77	7357.17	7281.89	7308.76	7300.95	7269.71	7372.79	7404.02	7440.56	7516.46	7543.01	7502.41	7456.49	7496.47	7370.29	7374.03	7385.9	7321.56	7277.83	7235.36	7265.65	7305.63	7197.88	7135.72	6934.57	6983.3	6988.61	7011.72	6977.05	6932.39	6977.68	6994.23	6940.51	6799.33	6735.92	6584.44	6574.13	6481.06	6516.66	6516.66	6640.66	6639.41	6726.55	6755.29	6767.16	6709.06	6722.18	6624.42	6630.67	6705.94	6697.51	6691.26	6643.78	6539.77	6541.34	6446.7	6452.32	6299.59	6326.45	6216.5	6244.3	6246.8	6275.22	6216.19	6343	6429.52	6518.54	6466.69	6696.26	6876.48	6665.65	6627.23	6566.01	6560.39	6565.07	6507.92	6459.19	6504.79	6524.78	6565.39	6643.47	6591.94	
N2850	104	8	FINANCE     	0	0	7382.41	7481.42	7709.36	7570.07	7504.59	7600.42	7694.02	7585.53	7652.33	7651.63	7593.69	7375.44	7432.35	7336.23	7313.1	7336.77	7428.39	7242.38	7370.95	7397.96	7469.75	7475.31	7518.77	7661.61	7878.46	7997.05	7990	7834.87	7899.57	7776.28	7671.13	7591.1	7555.02	7632.25	7808.32	7707.42	7520.3	7451.77	7505.21	7379.4	7323.32	7439.93	7463.02	7372.1	7497.29	7558.85	7513.74	7606.52	7673.32	7664.33	7612.13	7700.37	7681.23	7749.19	7791.95	7862.38	7870.87	7991.11	7912.72	7966.9	7997.46	7937.46	7952.39	8056.67	8117.12	7963.52	8116.21	8095.27	8075.23	8031.72	7932.84	7828.32	7808.77	7909.38	7909.38	7909.38	7893.63	7792.24	7747.33	7769.85	7576.75	7548.01	7600.71	7533.74	7527.35	7476.76	7476.76	7601.12	7759.37	7887.61	7978.57	7831.49	7820.36	7807.33	7731.5	7670.88	7633.44	7594.35	7593.57	7601.86	7468.22	7476.8	7553.24	7553.24
N2851	104	8	FINANCE     	0	0	7656.95	7738.34	7624.25	7576.46	7513.78	7461.95	7423.6	7370.12	7370.12	7390.21	7411.48	7573.61	7626.44	7684.24	7722.8	7818.83	7794.71	7840.48	7814.54	7751.58	7897.55	7860.15	7938.08	7892.93	7969.71	7932.84	7874.17	7908.23	7901.34	7963.65	7965.83	7954.04	8106.77	8070.48	8030.03	7991.31	7921.71	7917.96	7970.08	7916.15	7882.66	7913.63	7805.14	7708.2	7590.93	7178.55	7299.66	7107.22	7239.17	7213.23	7034.73	7071.84	7183.91	7122.97	6869.09	6744.6	6391.11	6494.77	6268.97	6428.55	6823.4	6671.21	6752.73	6758.05	6719.12	6717.93	6556.49	6450.11	6420.63	6444.54	6599.3	6504.33	6590.6	6527.14	6408.05	6354.78	6215.08	6133.72	6009.9	5964.79	5838.94	5580.61	5698.5	5583.41	5504.29	5858.24	5957.86	5957.86	5864.92	5738.78	6042.97	5910.52	5802.08	5889.45	6018.93	6098.06	6023.13	5940.95	6061.69	6111.25	6080	6244.23	6159.62	6050.25
N2852	79	8	FINANCE     	0	0	4741.1	4693.75	4551.64	4837.02	4855.29	5017.37	5079.4	5312.69	5348.23	5624.09	5608	5437.75	5544.32	5706.76	5765.67	5631.21	5565.37	5557.09	5716.38	5639.52	5725.47	5646.51	5782.32	5855.78	5717.79	5545.69	5467.42	5417.38	5483.16	5525.08	5486.53	5495.72	5649.73	5389.65	5777.26	5850.69	5748.52	5867.06	5888.33	5895.01	5772.39	5799.81	5737.03	5789.22	5768.64	5804.65	5513.08	5525.2	5379.15	5112.79	5346.42	5306.97	5514.86	5555.69	5758.96	5834.23	5905.1	5798.53	5822.21	5972.6	6101.66	6196.11	6227.68	6070.61	5922.78	6066.99	6169.9	6160.31	6185.46	6267.48	6393.38	6445.54	6319.04	6339.19	6324.48	6128.83	6032.57	5921.34	5936.43																									
N2853	78	8	FINANCE     	0	0	5869.15	5807.77	5505.52	5525.29	5583.48	5427.84	5424.47	5208.96	5229.29	5508.65	5735.03	5724.6	5409.51	5036.51	5263.21	5407.42	5542.41	5581.3	5617.31	5511.05	5374.15	5598.04	5515.55	5449.68	5698.24	5598.04	5515.55	5449.68	5698.24	5841.63	5780.73	5612	5740	5598.85	5582.48	5915.88	5866.28	6072.3	6251.48	6277.07	6169.5	6097.44	6358.96	6232.21	6303.27	6088.54	6020.07	6008.27	5792.41	5767.05	5906.63	5849.5	5914.63	5927.78	6044.65	6176.52	6044.15	6219.16	6148.23	6240.9	6592.19	6683.39	6672.49	6632.23	6922.98	6675.61	6665.77	6541.62	6621.51	6742.7	6643	6706.94	6903.87	6776.87	6599.4	6608.65	6470.03	6590.66																										
N2854	77	8	FINANCE     	0	0	6796.89	6735.61	6921.02	7073.38	7103.67	7281.68	7019.37	7116.17	7281.55	7183.35	7052.54	6954.97	6818.76	6922.8	7054.26	6873.6	6632.35	6559.92	6710.78	6671.52	6655.68	6805.86	6762.1	6856.39	6663.21	6340.19	6320.95	6221.78	5905.66	6014.92	5868.03	6065.89	6410.25	6486.8	6612.96	6479.43	6285.37	6248.77	6435.36	6126.39	6151.1	5994.59	5938.46	5859.87	5993.87	5930.09	5698.39	5952.23	6001.74	6104.78	5970.1	5952.23	6001.74	6104.78	5970.1	6059.3	6149.82	5987.9	6011.67	6109.31	5890.45	5806.99	5799.97	5560.18	5615.56	5842.13	5797.31	5639.67	5549.81	5461.61	5525.26	5665.16	5738.28	5880.64	5838.6	5796.09	6077.92																											
N2855	78	8	FINANCE     	0	0	6049.56	6211.41	6250.77	6138.45	6019.73	6140.42	6005.64	5922.34	5864.71	5901.48	6125.99	6025.01	6063.58	5990.09	6105.19	6078.79	6132.36	5932.93	5942.21	5851.88	5879.8	5673.03	5624.31	5553.28	5558.84	5385.4	5665.88	5801.25	5741.46	5849.91	5841.82	5668.56	5774.98	5654.01	5830.36	5960.63	5985.34	6097.19	6040.91	6256.58	6210.79	6194.73	6035.53	6167.22	6252.86	6034.63	6144.35	6271.63	6466.72	6502.01	6550.83	6596.56	6705.28	6508.35	6628.1	6651.94	6661.9	6593.5	6676.27	6583.94	6616.7	6596	6485.96	6214.04	6191.3	6148.38	6244.74	6186.11	6306.96	6302.99	6157.56	6378.36	6499.36	6501.36	6631.63	6751.35	6772.41	6795.3																										
N2856	92	8	FINANCE     	0	0	4367.23	4228.93	4140.44	4295.05	4311.1	4494.1	4588.09	4957.24	4867.01	4810.85	4908.77	4830.43	4680.23	4805.73	4941.56	5007.93	4988.23	5015.52	5083.21	4992.75	5051.79	5256.37	5264.12	5359.13	5295.48	5283.14	5030.24	5083.74	5134.4	5100.32	5044.07	5034.61	5137.12	4769.21	5144.61	5171.23	5088.39	5105.35	5080.62	5027.49	4930.94	4950.71	4937.19	4968.55	4922.85	5063.72	4994.47	5006.4	4831.4	4844.74	4875.41	4808.85	4928.66	4973.86	5086.55	5263.83	5256.93	5236.07	5258.4	5294.13	5379.43	5507.52	5467.64	5403.7	5350.73	5365.56	5432.9	5411.38	5455.02	5422.03	5411.73	5469.57	5507.37	5642.92	5626.46	5579.2	5556.84	5531.98	5474.16	5520.64	5416.29	5184.13	5030.67	5033.39	4886.87	4788.86	4587.99	4743.51	4824.25	4958.55	4842.33	4610.95												
N2857	91	8	FINANCE     	0	0	4436.17	4577.34	4721.18	4790.58	4638.25	4744.63	4825.81	4717.21	4825.31	4710.84	4626.5	4758.72	4825.31	4710.84	4626.5	4758.72	4817	4861.32	4779.4	4931.32	4922.98	4944.62	5127.31	5198.02	5189.78	5299.6	5350.79	5303	5148.74	5263.15	5201.71	5219.36	5269.52	5124.81	5082.93	5047.88	5086.39	5054.22	5059.56	5189.87	5260.12	5303.78	5335.8	5312.5	5644.48	5743.9	5763.39	5757.77	5825.64	5966.23	5927.24	6074.67	5890.61	5873.77	6015.2	5976.97	6161.63	6242.46	6330.38	6430.21	6545.33	6318.11	6470.81	6332.41	6427.24	6607.43	6715.22	6818.16	7005.22	7038.83	6961.28	6602.37	6642.78	6807.98	6581.66	6607.93	6582.94	6464.59	6413.71	6592.72	6480.34	6385.1	6393.23	6281.94	6496.45	6578.35	6480.37	6406.41	6508.76	6303.15	6313.23													
N2858	90	8	FINANCE     	0	0	6535.68	6662.96	6549.9	6565.95	6413.4	6248.21	6193.55	5968.69	6137.51	6227.22	6138.39	6268.63	6358.99	6370.46	6592	6497.77	6520.57	6704.07	6606.33	6673.71	6629.1	6605.68	6877.41	6849.58	6962.25	6934.01	6989.08	6957.72	7055.32	6970.27	7074	7092.71	7219.05	6958.47	6887.16	6680.23	6874.7	6601.62	6771.25	6793.3	6863.02	6887.28	7004.35	7061.98	7151.87	6982.74	7122.69	7136.53	7338.93	7423.92	7447.65	7607.95	7584.49	7602.07	7441.84	7636.46	7743	7608.51	7787.45	7806.38	7812.31	7818.68	7928.38	7965.23	7824.9	7744.56	7870.12	8029.57	7990.59	7952.96	7953.27	7962.45	8036.38	8034.17	8002.71	7714.14	7730.63	7675.69	7878.68	7931.59	7996.72	7992.28	7842.14	8030.1	8208.54	8240.93	8294.91	8405.6	8522.04	8492.46														
N2859	79	8	FINANCE     	0	0	4551.51	4458.93	4397.35	4420.07	4488.44	4675.73	4808.44	4910.15	4930.96	5138.84	5212.52	5221.44	5176	5283.66	5366.26	5349.91	5316.57	5279.2	5394.5	5231.42	5271.77	5265.4	5321.24	5398.96	5342.47	5226.11	5223.99	5282.81	5429.11	5495.15	5511.5	5464.15	5488.78	5424.23	5562.88	5667.35	5586.24	5508.95	5471.15	5617.67	5519.78	5471.36	5434.84	5421.68	5395.35	5468.82	5230.15	5247.98	5139.05	5079.17	5166.02	5063.03	5293.85	5272.19	5343.11	5400.66	5418.92	5429.11	5387.28	5427.2	5407.88	5447.37	5467.33	5289.81	5220.8	5181.31	5105.08	5521.9	5575.62	5629.13	5652.92	5780.74	5734.45	5742.95	5745.71	5596.01	5555.45	5437.18	5353.52																									
N2860	78	8	FINANCE     	0	0	5295.12	5274.53	5129.29	5039.68	5112.09	4904.2	4999.97	4843.48	4880.42	4963.87	5032.46	5491.11	5447.58	5283.87	5488.35	5556.94	5669.05	5745.07	5764.18	5689.01	5790.72	5928.53	5881.39	5771.19	6034.7	5928.53	5881.39	5771.19	6034.7	6047.02	6016.87	5856.12	5813.02	6021.33	6018.56	6011.98	5971.43	5983.74	6120.28	6263.82	6198.84	6075.26	6075.05	6013.89	6044.9	6064.64	6014.96	5972.27	6022.17	6045.96	6025.57	6049.99	6039.8	6094.16	6174	6128.13	6047.66	6024.3	5996.27	6114.12	6253.41	6309.9	6423.29	6474.88	6582.54	6452.16	6429.66	6373.6	6448.55	6551.11	6571.29	6645.39	6721.2	6718.65	6574.05	6577.23	6517.35	6724.6																										
N2861	78	8	FINANCE     	0	0	6874.08	6897.65	7097.25	7245.68	7237.61	7248.86	7298.13	7312.99	7392.62	7304.92	7205.12	7078.78	6944.79	6931.63	6938	6798.06	6632.23	6616.94	6708.03	6642	6636.26	6582.54	6659.62	6632.44	6559.4	6307.56	6380.39	6454.29	6243.22	6176.97	6295.88	6293.54	6564.07	6619.06	6704.64	6728.21	6682.98	6742.01	6900.2	6806.35	6627.98	6449.4	6388.25	6374.02	6525.21	6551.33	6372.11	6574.68	6505.67	6657.71	6537.31	6499.94	6404.39	6256.39	6493.57	6547.29	6509.71	6498.45	6485.71	6304.37	6352.36	6524.57	6521.6	6419.89	6389.95	6321.36	6477.64	6656.86	6642.63	6769.61	6775.56	6783.2	6826.52	6897.23	6924.83	7008.92	6989.81	7028.24																										
N2862	73	8	FINANCE     	0	0	7177.09	7109.14	7171.15	7035.25	7111.69	7355.46	7263.51	7289.42	7325.52	7365.65	7313.84	7496.03	7437.42	7500.7	7508.13	7519.81	7481.38	7483.29	7347.18	7563.98	7506.86	7493.69	7479.46	7533.61	7652.95	7747.86	7780.56	7760.81	7595.19	7768.03	7830.89	7857.22	7879.09	7930.9	7931.54	7957.44	7957.65	7887.58	7890.34	8020.29	7728.11	7841.72	7773.55	7917.1	7981.01	8122.64	8138.99	8106.93	7905.42	7983.35	8046.41	7984.41	7973.79	7974.85	7976.34	7813.05	7911.15	7967.63	7712.83	7874.42	7789.69	8044.29	8118.61	8245.59	8293.36	8187.62	8315.45	8434.78	8303.56	8477.04	8569.19	8601.47	8615.06																															
N2863	79	8	OTHER       	0	0	1890	2035	2140	2465	2490	2955	2875	2540	2350	2080	2080	2700	2730	2720	2755	2740	2435	2445	2815	3055	3405	3365	3255	3155	3150	3590	3610	3545	3760	3725	3680	4045	4205	4360	4390	3900	3305	3190	4110	4950	5135	5185	4905	4465	4290	4325	4925	5115	5160	5100	4940	4290	4260	4840	4975	5410	5510	5565	4540	3580	3645	3570	3540	3985	4155	3790	4295	5040	5005	4665	4490	3865	3575	3565	3770	3695	4030	4245	3795																									
N2864	79	8	OTHER       	0	0	3210	3525	3900	3850	3610	4065	4845	5230	5425	5375	4620	4445	5290	5465	5380	5090	5715	6195	5880	5540	4870	4610	4645	4840	5470	5170	5435	5255	4125	4395	4900	4915	5070	5380	5575	5210	5165	5550	5650	5695	5925	5700	5520	5435	5865	5975	6170	6240	6045	5470	5370	6215	6170	6240	6140	6195	5630	5775	6210	5990	5810	6015	6095	5565	5880	5830	6015	6455	6295	6115	5785	5445	5660	4980	4600	4755	4545	3885	4185																									
N2865	79	8	OTHER       	0	0	4540	4495	4865	5145	4685	3690	3845	4070	4425	4005	4520	4100	3470	3985	5145	4860	4360	3795	3515	3420	3590	4030	4305	4125	4210	4120	3840	4180	5115	5260	4720	5075	4445	3745	3870	4290	4415	4450	4755	4175	3640	3510	4155	3740	3625	3575	3205	2655	2640	3715	2445	2370	2235	1795	1910	2145	2145	2170	2400	2405	2205	2375	2595	2620	2870	3095	3015	2870	3320	3880	3690	3775	4085	3780	3725	3215	3235	3125	3645																									
N2866	79	8	OTHER       	0	0	3680	3490	3680	3795	4020	3960	3920	3970	3510	3490	3625	3655	3890	4060	3805	3775	3250	3565	4480	4460	4265	4450	4450	4015	4260	3980	3735	4335	4100	3975	3740	4225	4370	4185	3935	3705	3940	3930	4170	4170	4545	4965	4780	4840	4375	4765	5045	5215	4920	5140	5230	4685	4930	5515	5220	4445	3675	3965	4095	3785	3565	3495	3765	3735	4405	4830	4545	5365	5670	5875	6250	5990	5965	6650	7965	7895	7705	6975	6490																									
N2867	79	8	OTHER       	0	0	6235	6385	6615	5660	5200	5085	4920	4220	4505	5205	5645	5670	5845	6215	6025	5720	5545	5300	5190	4610	4405	4195	3975	4540	4975	4845	4925	5020	4850	5060	5845	5980	5845	5860	5660	5120	4765	5535	5735	5860	5445	4070	3535	3645	4605	5580	5675	5385	5565	6110	5520	6225	5870	5630	5355	5130	4500	4635	4960	4805	4990	5040	4980	4395	4290	4505	4525	4510	4480	4705	4200	4195	6375	2730	2600	2145	2400	2450	2875																									
N2868	79	8	OTHER       	0	0	3005	3735	3435	3140	3070	3370	3545	3545	3455	3675	2860	2940	3010	2965	3225	3620	3750	3620	3465	3675	3630	3715	3980	3670	2975	3095	3460	3670	3895	4045	4045	4065	4020	4280	4265	4430	4620	4325	3815	3765	4155	3935	3775	4155	4170	3715	4145	4890	4865	5010	5180	5370	4990	4705	5100	5190	5245	5505	5315	4675	4650	5655	6235	6375	6030	5430	4910	5050	6035	6105	4830	4155	4045	3715	3590	3945	4385	4585	4020																									
N2869	79	8	OTHER       	0	0	3410	3160	3010	3025	3015	3390	3500	3205	3470	4135	4715	4775	5105	5295	4980	3870	4235	5020	5175	4830	4925	4635	4395	4370	4805	4780	5050	5375	5560	5035	4285	4695	4650	4975	5170	4755	4700	4665	5175	5310	5130	5190	5010	4895	5055	5575	5975	5800	5545	5375	4715	4175	4470	4840	4780	4775	4335	3900	3955	4655	4910	5260	5285	4950	4100	4490	5750	5685	5385	5250	5140	4780	4715	4895	4465	4515	4805	4615	4350																									
N2870	79	8	OTHER       	0	0	4575	5135	4795	4850	4450	4640	3740	3640	4040	4220	4330	4570	4315	4160	3730	4060	3865	3960	3475	3420	3015	2685	2955	3515	3600	3495	3665	3555	3575	3420	3410	3520	3370	3080	2455	2365	2640	2385	2455	2710	3435	3140	2855	3000	3160	3610	3465	3075	3020	2465	2430	2675	2905	2805	3140	3585	2915	2865	3310	3375	3080	3145	2975	2545	2450	2960	2920	2435	2595	2655	2320	2535	2640	2735	2665	2860	3135	3540	3955																									
N2871	79	8	OTHER       	0	0	4505	4525	4190	4550	4545	3940	3905	3990	4175	3470	3355	3575	3440	3520	3905	4135	4235	3850	4050	4190	4805	5700	5865	5745	5265	4770	4495	4935	4515	4370	4135	4765	4865	4505	4525	4895	5050	5035	4445	4115	3625	3830	4230	4040	4070	4115	4210	4005	3930	4610	4470	4085	3885	3675	3435	2845	2915	3205	3170	3350	3320	3320	3305	3985	4690	4705	4670	4095	3550	3500	4125	4730	4955	4660	4690	4145	3840	4240	4555																									
N2872	79	8	OTHER       	0	0	4895	5115	4685	4330	4325	4340	4450	5240	4615	4085	3930	4295	4445	4450	4610	4665	4285	3795	3970	4135	3990	4015	4230	4185	4365	4265	5140	4820	4815	5045	5065	3870	4010	4785	4660	4820	5105	5240	4595	4580	5030	5225	4905	4850	4205	3490	3400	3775	3995	4535	4170	3930	3440	3970	4685	4650	4415	4650	4515	4560	3850	4785	4745	4765	4520	3880	3345	2855	2700	3590	3590	3505	3040	2730	4105	5000	5190	5405	5065																									
N2873	79	8	OTHER       	0	0	4705	3785	3310	4030	4495	3915	3975	3820	3060	3420	3850	3830	3955	3865	3945	3560	3960	4395	4330	4045	4145	3530	3100	2950	1750	2065	2385	2715	2565	2825	2880	2655	2475	2750	2825	2660	2635	2800	2795	2800	2885	2645	2880	2855	2895	2565	2810	3120	3330	3075	3215	3220	2955	3225	3270	3315	3555	3600	3765	3550	3870	4595	4230	4555	4470	4130	3430	3260	3760	4005	4265	4465	4650	3875	3850	4115	4220	4875	5500																									
N2874	79	8	OTHER       	0	0	5525	5130	5390	5625	5465	5445	5755	5510	5695	6085	6285	5495	5200	5210	5285	4945	5120	5800	5940	6130	6230	5630	4665	4695	5450	5805	5065	4620	4565	4255	3900	3770	4085	4585	4545	4810	4855	5070	4845	5400	5505	5270	4760	4270	4960	5345	4975	4760	4490	4685	4675	4655	4530	4505	5465	5205	4945	4300	3825	4425	4980	5680	5670	5565	5360	5430	5435	5170	5195	5400	5345	4715	4490	4235	4390	4540	5060	4655	4320																									
N2875	79	8	OTHER       	0	0	5015	5870	5660	5335	5710	5220	4585	4400	4540	4250	4545	4205	3730	3595	4225	5560	6120	5870	6170	5820	4955	4555	4865	4595	4195	4480	4605	3680	3670	3970	4345	4095	3885	3410	2695	2540	3710	3690	3580	3910	3970	4010	3995	4310	4375	4225	4340	3785	2580	2615	4015	4955	4765	4970	4050	3890	3730	4410	4290	4170	3335	3150	3440	3545	3825	4655	4345	4520	4350	3260	2805	2850	2670	2600	3460	3465	2755	2415	2140																									
N2876	76	8	OTHER       	0	0	2201.95	2184.79	2136.49	2196.88	2152.88	2206.13	2162.7	2204.54	2178.61	2157.92	2180.01	2183.91	2213.37	2200.83	2180.08	2122.09	2183.5	2185.54	2160.33	2206.33	2153.36	2139.19	2151.35	2113.24	2202.75	2210.03	2236.96	2232.25	2144.84	2136.82	2150.56	2225.86	2199.97	2181.21	2239.9	2200.06	2191.06	2232.91	2276.28	2247.71	2241.17	2298.21	2193.54	2178.32	2185.2	2279.34	2233.32	2246.64	2262.13	2245.72	2280.7	2202.61	2096.21	2035.18	1985.5	1972.68	2039.34	2116.02	2084.14	2100.78	2170.61	2123.86	2156.47	2154.52	2195.42	2170.77	2207.93	2206.02	2199.59	2258.4	2212.01	2170.15	2210.36	2236.35	2237.92	2255.98																												
N2877	76	8	OTHER       	0	0	2247.33	2200.78	2186.57	2246.11	2219.01	2232.06	2247.24	2195.61	2243.74	2173.65	2197.74	2261.72	2226.02	2187.51	2274.58	2208.15	2194.18	2209.64	2234.61	2229.42	2236.92	2279.76	2180.22	2338.8	2360.64	2640.83	2549.25	2607.2	2541.8	2499.19	2537.7	2516.48	2555.36	2458.19	2460.62	2419.11	2374.02	2345.65	2347.67	2362.93	2380.66	2324.55	2341.09	2382.87	2250.92	2273.31	2349.19	2216.87	2339.13	2248.52	2313.7	2305.98	2183.7	2265.28	2242.29	2274.06	2288.11	2306.11	2269.41	2245.49	2281.26	2287.83	2281.53	2322.19	2232.01	2233.97	2230.29	2288.87	2272.92	2284.77	2228.15	2171.77	2148.33	2049.52	2107.07	2111.41																												
N2878	76	8	OTHER       	0	0	2140.16	2192.37	2198.11	2192.67	2155.81	2216.21	2216.27	2240.22	2215.68	2333.79	2237.28	2297.88	2204.7	2288.68	2302.93	2215.13	2157.1	2148.3	2207.25	2164.75	2252.3	2204.12	2184.76	2197.93	2234.5	2223.26	2256.16	2255.26	2110.45	2240.98	2167.82	2128.03	2101.65	2084.69	2173.53	2130.82	2186.86	2223.93	2181.26	2231.36	2226.66	2192.58	2216.7	2197.45	2153.57	2130.35	2141.83	2191.61	2311.41	2330.18	2267.17	2224.65	2151.9	2173.13	2130.52	2181.92	2151.78	2176.11	2176.24	2163.53	2154.88	2185.17	2184.5	2183.79	2178.11	2148.58	2131.89	2132.5	2210.23	2138.25	2156.63	2160.35	2189.54	2162.14	2125.09	2203.16																												
N2879	76	8	OTHER       	0	0	2127.3	2096.38	2228.35	2175.13	2177.36	2122.27	2140.63	2138.89	2127.67	2081.49	2114.78	2113.66	2121.52	2175.69	2118.24	2173.52	2167.46	2244.84	2161.91	2213.83	2184.86	2252.27	2282.67	2352.85	2226.16	2133.08	2154.25	2192.83	2197.13	2228.58	2138.96	2116.65	2192.03	2138	2158	2226.14	2179.35	2122.02	2164.48	2158.21	2146.22	2202.19	2266.26	2124.55	2198.21	2118.56	2152.23	2063.21	2112.04	2218.39	2103.04	2106.05	2137.14	2131.22	2135.33	2131.53	2183.94	2171.86	2201.39	2270.28	2150.62	2208.35	2245.99	2292.6	2280.98	2254.61	2143.06	2122.01	2034.06	2060.24	2088.35	2254.38	2247.59	2241.25	2239.72	2223.78																												
N2880	76	8	OTHER       	0	0	2300.23	2330.01	2354.52	2302.28	2241.12	2224.1	2234.68	2343	2345.72	2256.1	2172.33	2229.16	2208.32	2174.54	2133.54	2177.91	2223.46	2137.15	2221.1	2106.37	2179.16	2149.99	2108.31	2136.88	2086.8	2162.12	2119.98	2116.95	2153.12	2111.54	2130.91	2186.51	2126.27	2077.31	2114.26	2142.06	2148.86	2115.84	2150.64	2170.69	2096.6	2137.21	2226.69	2211.25	2132.45	2148.21	2153.1	2160.93	2069.38	2128.46	2152.93	2175.18	2114.11	2150.78	2102.13	2048.1	2247.35	2148.85	2194.54	2221.66	2196.74	2134.3	2136.36	2178.48	2172.9	2136.34	2065.5	2164.13	2136.38	2113.86	2214.67	2275.17	2169.7	2184.14	2221.01	2101.65																												
N2881	76	8	OTHER       	0	0	2179.01	2174.65	2148.51	2226.38	2245.53	2201.3	2084.12	2117.76	2207.27	2179.12	2188.16	2177.85	2190.93	2144.86	2193.88	2109.69	2140.09	2108.11	2164.88	2129	2084.4	2175.6	2193.12	2222	2229.4	2109.3	2233.2	2223.52	2246.91	2318.54	2262.82	2351.1	2242.2	2192.68	2110.45	2143.82	2163.64	2149.78	2103.99	1933.81	1989.74	2025	2020.75	2031.65	2096.77	2026.19	2042.66	2164.7	2121.37	2146.48	2092.81	2155.42	2179.86	2085.4	2160.42	2147.69	2076.79	2162.19	2186.07	2162.13	2168.49	2184.84	2144.74	2184.38	2260.11	2129.36	2134.41	2247.95	2235.06	2143.53	2240.65	2245.82	2224.16	2220.08	2249.8	2186.26																												
N2882	76	8	OTHER       	0	0	2154.8	2214.76	2170.25	2208.32	2203.11	2225.07	2128.1	2160.34	2173.6	2260.44	2218.52	2174.02	2127.89	2157.31	2143.34	2105.76	2148.45	2094.69	2067.69	2208.2	2175.99	2079.67	2108.44	2161.5	2163.64	2123.7	2105.13	2108.93	2118.53	2111.6	2152.9	2175.58	2186.65	2171.24	2205.9	2040.34	2178.63	2209.35	2230.24	2118.67	2081.48	2145.3	2074.46	2118.56	2133.07	2284.53	2151.06	2158.13	2162.81	2047.03	2123.04	2063.67	2096.3	2063.33	2127.61	2148.83	2075.1	2068.1	2090.06	2001.56	2164.49	2087.6	2042.02	2086.33	2018.62	2138.72	2113.74	2111.34	2167.01	2114.37	2098.95	2188.96	2085.78	2127.14	2133.98	2097.87																												
N2883	76	8	OTHER       	0	0	2023.02	2067.23	1999.31	1871.55	2020.4	1999.48	2079.6	2150.61	2022.24	2124.44	2054.41	2082.49	2058.03	2069.3	2058.6	2034.47	2021.6	2055.62	2038.18	2123.8	2016.77	2242.76	2088.39	2076.32	2168.92	2023.56	2168.13	2167.1	2171.08	2143.23	2116.9	2194.53	2220.13	2264.14	2265.93	2286.45	2257.46	2213.77	2209.56	2236.77	2169.95	2264.08	2111.32	2042.2	2049.29	2095.7	2050.55	2141.73	2106.5	1989.53	1991.42	2076.41	2150.95	2153.27	2052.18	2112.12	2110.65	2109.75	2167.02	2197.52	2232.68	2158.24	2159.78	2162.48	2062.26	2104.57	2147.98	2112.9	2122.25	2195.92	2112.87	2217.27	2207.63	2288.06	2295.62	2128.68																												
N2884	71	8	OTHER       	0	0	4795	4827	4849	4802	4748	4738	4714	4705	4670	4689	4725	4743	4774	4745	4734	4745	4664	4675	4947	4979	4979	4876	4783	4785	4801	4703	4638	4548	4532	4584	4598	4595	4547	4451	4309	4294	4333	4299	4279	4200	4234	4140	4118	4053	4020	3994	4008	3985	3929	3926	3890	3845	3683	3683	3698	3631	3603	3558	3438	3364	3295	3171	3144	3057	3057	3013	3013	2977	2942	2909	2859																																	
N2885	71	8	OTHER       	0	0	6758	6799	7007	7027	7227	7230	7319	7291	7245	7217	7246	7215	7200	7181	7118	7157	7090	7021	6842	6865	6917	6554	6492	6506	6469	6439	6383	6343	6309	6274	6219	6169	6154	6062	5954	5900	5826	5787	5737	5711	5686	5675	5655	5615	5623	5607	5578	5536	5533	5487	5403	5376	5351	5351	5306	5301	5288	5256	5253	5232	5214	5198	5217	5198	5191	5183	5183	5174	5143	5146	5115																																	
N2886	71	8	OTHER       	0	0	16063	15758	15589	15563	15462	15264	15119	15034	14989	14705	14655	14470	14376	14179	14075	13794	13560	13365	12963	12862	12800	12740	12505	12416	12237	12254	12340	12225	11884	11820	11812	11580	11345	11603	11419	11139	11038	11004	10783	10444	10182	9963	9889	9764	9543	9380	9221	9111	8912	8737	8617	8526	8400	8397	8413	8228	8201	8247	8092	7963	7929	7856	7820	7735	7572	7475	7458	7398	7390	7307	7343																																	
N2887	71	8	OTHER       	0	0	7811	7748	7655	7582	7520	7437	7391	7430	7463	7485	7471	7398	7218	7208	7193	7054	6983	6971	6888	6794	6797	6736	6664	6652	6639	6598	6528	6478	6460	6489	6436	6379	6391	6414	6398	6360	6290	6346	6326	6292	6189	6152	6095	6059	6016	5976	5929	5932	5896	5818	5788	5735	5585	5585	5522	5466	5205	5153	5110	5047	4957	4883	4853	4834	4769	4692	4692	4660	4622	4614	4558																																	
N2888	71	8	OTHER       	0	0	3833	3924	3919	3944	3951	3950	3965	3957	4076	4133	3918	3884	3858	3892	3826	3795	3858	3768	3735	3688	3675	3692	3666	3673	3704	3689	3667	3646	3599	3576	3561	3560	3504	3459	3447	3411	3337	3336	3256	3220	3049	2990	2945	2908	2897	2888	2739	2690	2607	2601	2569	2540	2476	2476	2453	2440	2410	2373	2412	2388	2366	2332	2307	2277	2225	2188	2188	2132	2079	2060	2073																																	
N2889	71	8	OTHER       	0	0	5175	5167	5187	5183	5135	5148	5185	5093	5018	5028	5002	4989	5071	4992	4798	4756	4667	4621	4622	4459	4393	4323	4239	4184	4143	4080	4118	4093	4087	4053	4143	3952	3900	3839	3779	3725	3713	3692	3654	3652	3593	3525	3482	3477	3433	3420	3404	3417	3404	3378	3367	3329	3278	3243	3149	3139	3097	3078	3062	3050	3020	3003	2981	2944	2919	2899	2874	2873	2853	2848	2837																																	
N2890	71	8	OTHER       	0	0	2294	2261	2266	2250	2225	2211	2208	2210	2179	2163	2157	2151	2337	2285	2181	2150	2093	2073	2030	1895	1861	1820	1791	1775	1757	1740	1766	1796	1762	1733	1794	1681	1643	1598	1551	1533	1553	1556	1513	1530	1490	1453	1441	1427	1404	1397	1388	1436	1436	1432	1425	1465	1436	1413	1372	1336	1313	1296	1288	1267	1256	1236	1236	1227	1225	1208	1187	1182	1174	1164	1148																																	
N2891	71	8	OTHER       	0	0	5622	5601	5358	5182	5133	5086	5101	5107	5096	5051	4942	4914	4881	4756	4749	4712	4676	4580	4529	4453	4400	4523	4462	4441	4551	4736	4772	4761	4704	4717	4819	4631	4583	4525	4496	4474	4419	4400	4352	4260	4206	4126	4119	4069	4035	4004	3983	3912	3882	3832	3793	3762	3744	3711	3722	3702	3845	3788	3768	3867	3999	3968	3920	3882	3898	3895	3876	3864	3885	3902	3901																																	
N2892	71	8	OTHER       	0	0	9451	9498	9454	9463	9445	9381	9348	9360	9372	9408	9444	9391	9348	9582	9507	9432	9334	9051	8801	8732	8745	8683	8691	8699	8589	8576	8545	8451	8320	8269	8290	8273	8308	8303	8328	8252	8250	8300	8336	8318	8221	8170	8102	8162	8093	8111	8052	7911	7932	7823	7772	7747	7616	7616	7496	7385	7375	7305	7174	7076	6925	6769	6690	6634	6555	6334	6334	6225	6204	6150	6043																																	
N2893	71	8	OTHER       	0	0	4470	4437	4389	4346	4322	4283	4286	4229	4223	4212	4195	4193	4164	4133	4019	3921	3897	3892	3864	3848	3822	3811	3810	3774	3779	3682	3638	3682	3626	3624	3601	3623	3601	3568	3557	3533	3595	3575	3510	3470	3428	3327	3273	3235	3194	3152	3123	3105	3079	3010	2938	2911	2907	2907	2807	2746	2740	2737	2687	2657	2603	2552	2514	2551	2563	2461	2461	2382	2376	2355	2330																																	
N2894	71	8	OTHER       	0	0	2383	2385	2398	2379	2392	2373	2361	2355	2348	2393	2378	2371	2387	2378	2355	2333	2270	2293	2272	2278	2240	2282	2236	2196	2135	2160	2160	2089	2080	2051	2023	2023	2020	2008	1977	1945	1950	1924	1906	1910	1891	1850	1861	1862	1845	1838	1813	1793	1776	1746	1699	1670	1612	1612	1580	1545	1515	1482	1442	1424	1400	1358	1319	1285	1274	1186	1186	1165	1146	1115	1094																																	
N2895	71	8	OTHER       	0	0	6090	6093	6071	6039	6010	5942	5889	5710	5693	5637	5615	5553	5581	5552	5521	5287	5229	5192	5163	5281	5301	5277	5225	5193	5115	4932	4879	4900	4886	4815	4802	4714	4716	4793	4745	4713	4665	4678	4679	4574	4572	4550	4429	4363	4341	4361	4322	4307	4243	4234	4197	4177	4035	3935	3970	3908	3919	3944	3946	3958	3929	3880	3859	3825	3826	3791	3693	3632	3607	3605	3596																																	
N2896	71	8	OTHER       	0	0	16498	16427	16421	16349	16361	16368	16208	16159	16145	16102	16028	15819	15708	15667	15483	15469	15379	15290	15070	15092	15394	15490	15266	15188	15158	15447	15666	15767	15712	15609	15585	15507	15320	15202	15211	15071	14902	14761	14582	14440	14297	14339	14180	14071	13862	13758	13613	13466	13206	12967	12779	12530	12105	12105	12105	12026	11829	11771	11629	11546	11441	11262	11150	11034	10918	10751	10751	10647	10563	10434	10291																																	
N2897	71	8	OTHER       	0	0	8099	8131	8131	8112	8079	8039	8042	8062	7985	7970	8017	7938	7945	7918	7831	7815	7816	7817	7769	7761	7730	7704	7726	7799	7899	8001	8752	8682	8445	8388	8380	8263	8282	8319	8261	8150	8037	7987	7718	7689	7665	7637	7605	7666	7603	7502	7410	7499	8106	8089	8021	7934	7832	7832	7814	7703	7625	7548	7472	7454	7496	7439	7383	7334	7315	7391	7391	7420	7372	7305	7325																																	
N2898	71	8	OTHER       	0	0	13415	13268	13125	13030	12982	12875	12710	12638	12588	12593	12504	12477	12385	12269	12128	11993	11966	11992	12053	11998	12197	12256	12366	12348	12342	12344	12089	12056	12027	12060	11966	11913	11836	11672	11639	11496	11356	11258	11106	10915	10832	10715	10623	10512	10354	10221	10176	10147	9960	9885	9802	9751	9531	9531	9487	9427	9339	9254	9226	9103	9080	8941	8840	8667	8583	8478	8478	8425	8305	8327	8176																																	
N2899	71	8	OTHER       	0	0	5072	5174	5212	5161	5108	4977	4905	4796	4729	4705	4630	4584	4482	4424	4354	4288	4169	4172	3961	3907	3900	3837	3777	3744	3731	3694	3629	3596	3542	3621	3611	3491	3430	3376	3368	3341	3347	3325	3313	3278	3243	3286	3266	3279	3235	3210	3206	3136	3148	3076	3055	3025	2818	2782	2677	2631	2584	2590	2540	2526	2486	2431	2447	2385	2206	2153	2159	2148	2123	2089	2155																																	
N2900	71	8	OTHER       	0	0	8293	8158	8092	8082	7991	7801	7784	7687	7699	7603	7577	7514	7480	7472	7375	7343	7246	7273	7169	7094	7027	6954	6864	6774	6645	6741	6668	6660	6574	6644	6698	6630	6604	6482	6455	6470	6416	6294	6116	6044	5920	5851	5770	5716	5642	5571	5546	5473	5333	5211	5164	5085	4882	4882	4822	4768	4779	4773	4699	4631	4516	4493	4427	4344	4300	4149	4149	4086	4052	4018	3991																																	
N2901	71	8	OTHER       	0	0	2625	2609	2615	2607	2554	2567	2540	2483	2409	2380	2369	2359	2359	2373	2379	2365	2356	2347	2423	2417	2392	2391	2366	2368	2350	2337	2436	2392	2365	2348	2419	2336	2327	2317	2282	2278	2259	2224	2224	2203	2188	2181	2187	2177	2148	2127	2119	2099	2091	2053	2047	2040	2015	1988	1916	1858	1822	1795	1787	1823	1791	1748	1722	1700	1684	1698	1500	1486	1439	1430	1416																																	
N2902	71	8	OTHER       	0	0	4766	4815	4920	4936	4947	4904	4877	4899	4896	4937	5155	5119	5119	5147	5136	5135	5119	5153	5111	5109	5032	4989	4929	4919	4883	4850	4857	4850	4831	4793	4782	4809	4725	4698	4639	4528	4459	4405	4314	4252	4245	4177	4122	4034	3955	3928	3884	3826	3713	3672	3682	3615	3529	3529	3479	3446	3385	3296	3234	3188	3078	3018	2983	2889	2877	2748	2748	2671	2627	2582	2527																																	
N2903	71	8	OTHER       	0	0	9757	9698	10010	10141	10289	10261	10274	10386	10486	10543	10553	10505	10497	10518	10395	10290	10077	9903	9682	9622	9496	9421	9378	9334	9182	9016	9094	8982	8910	8868	8405	8391	8194	8174	7986	7940	7803	7721	7668	7518	7211	7135	7093	6990	6967	6928	6865	6758	6607	6479	6379	6294	6018	6018	5995	5849	5621	5534	5459	5345	5296	5218	5116	4877	4756	4513	4513	4365	4340	4307	4282																																	
N2904	71	8	OTHER       	0	0	4802	4765	4872	4933	5003	4983	4952	4989	5035	5084	5079	5087	5087	5088	5022	4994	4820	4728	4636	4627	4623	4662	4634	4673	4677	4582	4593	4538	4521	4522	4504	4574	4501	4545	4514	4460	4435	4388	4535	4394	4146	4126	4068	4034	4019	4019	3981	3984	3969	3902	3899	3856	3745	3745	3724	3693	3580	3532	3509	3463	3467	3423	3381	3358	3332	3262	3262	3207	3240	3219	3223																																	
N2905	71	8	OTHER       	0	0	2829	2783	2776	2761	2766	2773	2745	2740	2758	2707	2692	2702	2712	2779	2783	2759	2738	2740	2763	2753	2718	2720	2709	2701	2666	2663	2640	2600	2592	2577	2535	2502	2513	2472	2446	2412	2389	2349	2327	2313	2313	2284	2268	2218	2157	2131	2119	2072	2041	1995	1963	1926	1888	1888	1873	1848	1820	1826	1785	1767	1743	1708	1674	1648	1623	1580	1580	1554	1530	1531	1518																																	
N2906	71	8	OTHER       	0	0	6830	6827	6841	6754	6869	6809	6836	6766	6759	6719	6702	6627	6630	6606	6512	6550	6578	6499	6371	6332	6291	6307	6252	6250	6164	6213	6174	6154	6091	6096	6046	6001	5979	5921	5863	5818	5758	5786	5734	5678	5610	5578	5589	5553	5533	5521	5464	5419	5346	5296	5255	5235	5164	5164	5172	5093	5070	5108	5051	5021	5001	4918	4886	4877	4845	4761	4762	4689	4651	4642	4627																																	
N2907	71	8	OTHER       	0	0	10947	10887	10461	10261	10240	10120	10063	10193	9949	9946	9912	9991	9812	9740	9668	9588	9505	9500	9791	9898	9658	9525	9423	9391	9349	9239	9101	9030	8993	8866	8650	8791	8659	8490	8474	8372	8176	8140	7765	7712	7673	7640	7534	7314	7188	6859	6612	6438	6351	6293	6083	6032	5930	5930	5885	5972	5944	6039	6012	5961	5905	5920	5946	6016	6096	6158	6158	6051	6022	6078	5922																																	
N2908	71	8	OTHER       	0	0	2377	2302	2281	2265	2279	2246	2214	2172	2146	2173	2152	2125	2134	2177	2324	2296	2266	2253	2231	2094	1994	2024	2021	2021	2002	1989	1969	1973	1953	1944	1916	1858	1812	1815	1778	1762	1749	1738	1709	1684	1655	1652	1617	1581	1566	1541	1531	1521	1498	1469	1440	1408	1319	1319	1300	1284	1272	1256	1225	1224	1206	1203	1181	1153	1135	1089	1089	1060	1037	1007	1023																																	
N2909	71	8	OTHER       	0	0	3248	3242	3244	3209	3194	3173	3182	3147	3149	3146	3135	3142	3166	3180	3124	3044	3010	2998	2942	2951	2904	2903	2908	2919	2934	2915	2871	2823	2796	2731	2739	2553	2512	2484	2455	2445	2397	2399	2346	2290	2271	2274	2244	2228	2235	2210	2179	2155	2121	2103	2105	2096	2096	2076	2097	2067	2063	1986	1951	1950	1935	1900	1886	1870	1838	1819	1829	1793	1772	1753	1713																																	
N2910	71	8	OTHER       	0	0	2049	1991	1962	1915	1867	1854	1859	1936	1935	1920	1931	1940	1936	1939	1950	1930	1941	1977	1937	1901	1922	1889	1842	1829	1828	1815	1878	2161	2275	2480	2511	2652	2988	3135	3174	3215	3237	3239	3271	3270	3284	3298	3385	3434	3463	3544	3558	3563	3486	3483	3443	3390	3350	3455	3379	3297	3227	3160	3093	3022	2934	2752	2658	2584	2497	2409	2360	2291	2243	2211	2167																																	
N2911	71	8	OTHER       	0	0	10296	10123	10037	9943	9880	9867	9885	9905	9885	9920	9993	10008	9925	9867	9812	9654	9623	9437	9336	9263	9227	9157	8947	8876	8875	8775	8679	8796	8639	8610	8724	8371	8313	8249	8090	8044	8009	7750	7785	7708	7643	7634	7540	7426	7353	7342	7266	7196	7014	6931	6794	6668	6565	6462	6368	6328	6356	6277	6129	6121	6011	5815	5754	5651	5597	5536	5471	5514	5418	5450	5374																																	
N2912	71	8	OTHER       	0	0	4324	4288	4282	4250	4221	4242	4266	4242	4300	4313	4503	4519	4537	4523	4515	4421	4401	4307	4300	4284	4290	4309	4354	4360	4357	4312	4233	4281	4214	4200	4250	4127	4144	4126	4094	4082	4108	3952	3900	3885	3824	3845	3836	3793	3732	3767	3740	3700	3643	3624	3545	3502	3429	3369	3294	3269	3285	3242	3169	3170	3120	2996	2966	2881	2862	2824	2795	2785	2746	2747	2711																																	
N2913	71	8	OTHER       	0	0	2522	2487	2478	2471	2461	2453	2462	2506	2443	2433	2433	2464	2454	2459	2456	2377	2360	2324	2310	2303	2289	2282	2321	2316	2310	2286	2233	2224	2135	2102	2112	2029	1997	1977	1896	1878	1872	1748	1814	1779	1760	1744	1713	1706	1688	1713	1680	1663	1627	1615	1571	1536	1521	1509	1497	1474	1484	1469	1442	1474	1445	1434	1402	1372	1350	1325	1304	1338	1319	1312	1295																																	
N2914	71	8	OTHER       	0	0	7330	7378	7352	7412	7301	7231	7194	7289	7220	7287	7171	7156	7098	7291	7208	7142	7068	6747	6405	6413	6414	6454	6369	6339	6311	6315	6251	6121	6107	6098	6000	5979	5885	5861	5811	5787	5767	5699	5653	5618	5568	5536	5593	5535	5479	5476	5403	5320	5307	5234	5153	5111	5009	5009	5024	4912	4798	4705	4642	4592	4545	4503	4450	4410	4355	4260	4260	4207	4145	4127	4101																																	
N2915	71	8	OTHER       	0	0	5439	5463	5461	5413	5357	5345	5287	5290	5261	5273	5243	5193	5154	5055	4959	4853	4780	4688	4675	4643	4598	4485	4466	4454	4495	4466	4413	4429	4348	4362	4280	4252	4212	4188	4167	4127	4138	4056	3983	3893	3831	3744	3710	3693	3688	3667	3600	3566	3565	3557	3490	3468	3329	3329	3226	3174	3139	3108	3084	3067	2995	2987	2966	3047	2940	2862	2862	2861	2814	2802	2735																																	
N2916	71	8	OTHER       	0	0	7984	7937	7821	7749	7785	7632	7533	7536	7470	7367	7246	7150	7050	6907	6803	6626	6512	6509	6419	6365	6395	6360	6386	6360	6259	6198	6103	6064	5968	5908	5805	5728	5678	5274	5166	5106	5008	5034	4901	4853	4790	4703	4640	4544	4465	4335	4345	4246	4131	4112	4111	4096	3970	3970	3908	3861	3819	3781	3684	3664	3648	3564	3490	3417	3285	3213	3213	3125	3082	3049	3011																																	
N2917	71	8	OTHER       	0	0	4925	4951	4979	5001	5098	5076	5048	5113	5206	5174	5190	5170	5146	5096	5084	5060	5091	5071	5047	5031	5048	5082	5098	5091	5128	5054	5063	5005	4956	4952	5063	5020	5008	5012	4974	4894	4895	4957	4889	4861	4791	4730	4665	4667	4620	4607	4814	4759	4688	4613	4599	4543	4694	4694	4643	4606	4464	4425	4375	4320	4292	4265	4200	4169	4123	4051	4051	3971	3920	3890	3862																																	
N2918	71	8	OTHER       	0	0	15074	14991	15018	15036	15107	15110	15156	15283	15474	15429	15450	15283	15199	15233	15440	15417	15479	15394	15269	15178	15230	15173	15052	14960	14893	14724	14657	14626	14693	14656	14569	14466	14387	14254	14160	14059	13938	13915	13580	13820	13727	13800	13799	13630	13562	13572	13575	13354	13172	12991	12974	12929	12810	12810	12648	12528	12501	12393	12275	12058	11779	11669	11541	11455	11210	10967	10967	10942	10802	10818	10581																																	
N2919	71	8	OTHER       	0	0	7370	7339	7312	7294	7278	7357	7360	7308	7306	7278	7282	7245	7238	7203	7082	7016	6981	6935	6863	6803	6803	6828	6859	6824	6830	6805	6842	6753	6696	6670	6668	6661	6608	6582	6567	6510	6444	6417	6381	6365	6308	6245	6240	6149	6101	6049	6035	5976	5775	5686	5610	5612	5742	5742	5710	5621	5512	5516	5357	5289	5240	5119	5146	5064	5087	5002	5002	4973	4951	4936	4859																																	
N2920	71	8	OTHER       	0	0	8101	8051	7938	7906	7962	7935	7922	7964	7671	7648	7608	7666	7643	7706	7734	7701	7702	7659	7975	7929	7890	7857	7818	7837	7857	7823	7855	7836	7796	7837	7816	7786	7693	7593	7600	7592	7494	7454	7378	7409	7377	7365	7289	7132	6976	6874	6789	6674	6658	6610	6519	6495	6402	6402	6355	6275	6284	6264	6287	6145	6101	6060	6033	5935	5980	5934	5934	5866	5928	5946	5884																																	
N2921	71	8	OTHER       	0	0	5711	5675	5594	5568	5513	5471	5491	5476	5488	5485	5441	5424	5389	5383	5337	5271	5223	5217	5157	5127	5077	5193	5133	4960	5131	5166	5101	5059	5038	4969	5006	4807	4751	4689	4658	4564	4567	4566	4519	4487	4432	4394	4399	4378	4324	4275	4228	4257	4235	4238	4209	4217	4190	4203	4226	4124	4093	4070	4038	3942	3929	3870	3834	3812	3822	3765	3722	3698	3650	3702	3688																																	
N2922	71	8	OTHER       	0	0	5008	4971	4930	4870	4784	4735	4708	4633	4627	4634	4616	4635	4583	4537	4436	4385	4295	4261	4243	4220	4216	4337	4278	4081	4278	4291	4252	4160	4135	4115	4172	4039	3964	3886	3848	3791	3728	3705	3617	3516	3462	3413	3387	3367	3342	3323	3303	3277	3257	3230	3206	3209	3172	3174	3158	3061	3043	3036	3017	2974	2962	2902	2877	2812	2796	2774	2716	2668	2654	2650	2594																																	
N2923	71	8	OTHER       	0	0	4805	4812	4805	4791	4782	4775	4779	4758	4757	4739	4682	4640	4594	4585	4535	4533	4437	4435	4368	4324	4275	4283	4285	4334	4311	4289	4275	4241	4273	4264	4239	4181	4190	4177	4169	4157	4117	4099	4057	4035	3943	3907	3821	3766	3751	3747	3732	3719	3668	3629	3476	3510	3666	3666	3649	3684	3666	3610	3618	3613	3590	3504	3557	3499	3528	3158	3158	3166	3196	3200	3238																																	
N2924	71	8	OTHER       	0	0	3542	3550	3539	3539	3476	3447	3429	3461	3439	3475	3461	3447	3429	3425	3385	3382	3347	3330	3322	3305	3289	3303	3282	3242	3267	3266	3260	3202	3209	3296	3274	3316	3351	3327	3311	3304	3331	3328	3309	3317	3290	3300	3297	3290	3267	3295	3281	3252	3269	3247	3153	3119	3008	3008	2960	2907	2878	2868	2818	2779	2772	2723	2679	2663	2654	2618	2618	2597	2570	2551	2527																																	
N2925	71	8	OTHER       	0	0	2419	2372	2415	2402	2394	2386	2375	2350	2321	2326	2315	2295	2262	2320	2369	2334	2317	2301	2291	2287	2275	2260	2249	2248	2217	2217	2064	2164	2140	2109	2083	2065	2043	2048	2024	1995	1954	1910	1828	1767	1747	1741	1706	1677	1682	1672	1646	1587	1572	1562	1524	1494	1366	1366	1344	1350	1334	1326	1306	1302	1281	1256	1251	1253	1236	1157	1157	1133	1168	1159	1133																																	
N2926	71	8	OTHER       	0	0	4163	4118	4093	4074	4077	4077	4061	4091	4094	4053	4060	4047	4064	4123	4117	4103	4087	4087	4074	4055	3996	4025	4005	3988	3970	3903	3879	3850	3829	3804	3774	3765	3766	3731	3734	3725	3751	3676	3611	3596	3585	3512	3504	3451	3460	3436	3385	3341	3325	3264	3215	3174	3154	3154	3130	3118	3094	3048	3017	2992	2975	2945	2865	2826	2766	2673	2673	2675	2653	2648	2628																																	
N2927	71	8	OTHER       	0	0	3371	3304	3278	3257	3286	3308	3290	3333	3340	3355	3349	3335	3311	3330	3307	3256	3262	3348	3276	3289	3190	3099	3088	3088	3063	3020	2873	2960	2948	2961	2943	2917	2892	2877	2833	2814	2792	2746	2735	2714	2692	2658	2625	2575	2526	2519	2518	2498	2461	2335	2324	2298	2242	2242	2172	2143	2099	2136	2138	2116	2124	2092	2053	1993	1949	1929	1929	1877	1874	1871	1824																																	
N2928	71	8	OTHER       	0	0	59472	58911	58340	56896	56459	55794	55227	54964	54912	54616	54728	54532	54428	53671	53368	53272	53258	52972	52652	51867	51257	51018	42970	42770	42542	41960	41489	40823	40611	40336	39924	39561	39276	38613	38364	37884	37533	36399	33598	34534	34388	34108	33790	33572	33157	32973	32735	32505	32237	31919	31666	31753	31064	31069	30908	30457	30249	29991	29785	29757	29476	29073	28648	28308	28189	27437	27437	27136	26714	26407	26265																																	
N2929	71	8	OTHER       	0	0	3065	3038	3040	3032	3068	3065	3064	3099	3134	3148	3154	3164	3205	3194	3215	3234	3221	3210	3180	3174	3191	3166	2157	2172	2160	2144	2040	1973	1981	1954	1908	1879	1856	1834	1832	1821	1726	1692	1676	1693	1661	1645	1615	1596	1591	1582	1583	1586	1639	1646	1638	1653	1670	1672	1697	1684	1742	1731	1732	1761	1910	1926	1940	1933	1947	1982	1984	1984	1996	1980	2007																																	
N2930	71	8	OTHER       	0	0	23642	23539	23338	22695	22706	22443	22274	22344	22558	22520	22458	22419	22685	22746	22629	22520	22543	22640	22595	22282	22198	22138	14672	14543	14465	14366	14314	14440	14321	14359	14511	14153	14039	13929	13772	13683	13641	13478	13272	13077	13130	13003	12786	12651	12580	12457	12363	12254	12149	12065	12024	11986	11859	11813	11817	11603	11661	11651	11585	11543	11476	11489	11418	11368	11565	11604	11593	11470	11446	11372	11377																																	
N2931	71	8	OTHER       	0	0	11285	11218	11195	11145	11153	11230	11133	11217	11148	11095	11023	11006	10921	10846	10771	10812	10714	10591	10443	10360	10255	10165	10108	9999	10051	9794	9696	9667	10422	10593	10345	10305	10266	10088	10075	10074	10037	9062	6608	6604	6798	6720	6729	6695	6564	6536	6491	6452	6391	6348	6331	6414	6299	6299	6268	6135	6107	5992	5952	5914	5902	5886	5881	5886	5746	5632	5632	5603	5511	5436	5427																																	
N2932	71	8	OTHER       	0	0	15745	15687	15404	15322	15341	15338	15201	15027	15018	14932	14973	15092	14959	14826	14748	14694	14427	14471	14311	14283	14156	14098	13929	13888	13871	13762	13616	13507	13311	13122	12833	12403	12294	12200	12093	12038	12021	11976	11740	11709	11552	11434	11287	11178	10993	10727	10697	10537	10445	10399	10159	10163	10269	10284	10293	10293	10235	10171	10058	10080	9972	9857	9859	9753	9633	9618	9612	9517	9357	9353	9227																																	
N2933	71	8	OTHER       	0	0	15039	14997	14929	14882	14803	14846	14819	14858	14769	14657	14657	14602	14571	14456	14449	14545	14571	14640	14584	14409	14393	14303	14158	14064	14181	14492	14788	14935	14882	14819	14719	14621	14612	14543	14480	14457	14278	14208	14055	14009	13968	14032	14034	13892	13714	13536	13422	13240	12966	12679	12483	12286	11840	11840	11710	11557	11378	11293	11206	11102	10904	10764	10439	10081	9926	9737	9737	9661	9472	9414	9363																																	
N2934	71	8	OTHER       	0	0	12380	12064	11953	11134	10802	10725	10572	10492	10458	10163	10019	9964	9764	9542	9523	9533	9870	9727	9661	9627	9121	9081	9159	9110	8977	9018	8901	8799	8517	8377	8299	8184	8137	8067	8064	7996	8020	8007	7875	8592	8512	8456	8341	8224	8150	8084	7993	7925	8439	8356	8322	8315	8475	8475	8443	8357	8274	8130	7525	7507	7469	6727	6614	6612	6569	6457	6457	6297	6251	6227	6280																																	
N2935	71	8	OTHER       	0	0	9890	9868	9825	9786	9799	9840	9762	9908	10115	10102	10157	10130	10065	10056	10028	10101	10041	10030	9918	9792	9736	9660	9630	9550	9590	9550	9589	9608	9540	9464	9355	9230	9165	9050	9007	8914	8850	8810	8672	8523	8431	8345	8205	8129	8051	7904	7880	8473	8326	8194	8207	8068	7973	7973	7636	7537	7458	7389	7359	7250	7179	7112	7040	7016	6921	6984	6984	6874	6725	6720	6543																																	
N2936	71	8	OTHER       	0	0	16854	16822	16751	16745	16764	16652	16758	16785	16808	16583	16486	16281	16174	16006	15852	15838	16002	16290	16534	16577	16657	16609	16538	16480	16480	16515	16512	16422	16258	16188	15941	15913	15819	15560	15481	15299	15225	15046	14843	15150	15153	14893	14625	14239	13929	13727	13616	13487	14132	13995	13796	13583	13346	13346	13257	13178	13164	13040	12899	13117	13048	12425	12251	12020	12090	11476	11476	11310	11272	11202	11172																																	
N2937	71	8	OTHER       	0	0	5163	5175	5144	5168	5168	5144	5112	5175	5148	5147	5171	5099	5083	5060	5252	5206	5204	5161	5167	5148	5144	5032	5020	5009	5022	5033	5016	4913	4879	4872	4776	4764	4704	4657	4660	4640	4606	4564	4123	4273	4247	4176	4176	3961	3824	3787	3775	3737	3674	3619	3552	3558	3478	3478	3450	3407	3361	3301	3264	3562	3565	3601	3565	3541	3515	3486	3486	3471	3455	3423	3381																																	
N2938	71	8	OTHER       	0	0	5620	5625	5653	5650	5672	5739	5771	5822	5784	5787	5788	5753	5767	5739	5733	5729	5675	5663	5722	5679	5672	5689	5691	5678	5654	5629	5620	5548	5546	5560	5578	5521	5536	5472	5589	5502	5414	5381	5304	5305	5333	5312	5356	5307	5230	5214	5227	5083	5027	4933	4911	4885	4805	4805	4771	4745	4671	4723	4699	4602	4514	4480	4233	4059	3984	3904	3904	3832	3730	3724	3720																																	
N2939	71	8	OTHER       	0	0	6194	6145	6086	6079	6058	6100	6103	6101	6078	6071	6054	6031	6014	5971	5913	5894	5862	5837	5861	5866	5810	5792	5788	5778	5730	5674	5739	5757	5701	5690	5453	5396	5358	5324	5287	5242	5236	5213	5257	5224	5188	5151	5084	5054	4983	4894	4889	4862	4826	4803	4773	4746	4809	4809	4853	4782	4722	4710	4734	4727	4701	4585	4591	4544	4530	4432	4432	4395	4339	4326	4337																																	
N2940	71	8	OTHER       	0	0	8011	8022	7999	8029	8113	8128	8133	8116	7982	7946	7970	7972	8130	8052	7984	7951	7928	7899	7884	7850	7878	7514	7538	7593	7579	7523	7600	7545	7513	7437	7125	7068	7034	6976	7007	6985	6917	6808	6676	6576	6512	6440	6402	6348	6350	6331	6318	6376	6271	6196	6174	6179	6213	6213	6224	6232	6230	6234	6173	6140	6123	6048	6002	5969	6126	6018	6018	5956	5913	5882	5876																																	
N2941	71	8	OTHER       	0	0	2521	2532	2603	2601	2606	2553	2568	2499	2413	2409	2388	2378	2415	2411	2376	2356	2320	2266	2209	2212	2191	2200	2125	2106	2088	2070	2059	2024	1992	1978	2014	1950	1960	1944	1908	1876	1879	1847	1845	1804	1791	1787	1780	1781	1778	1768	1770	1767	1742	1731	1721	1712	1674	1660	1661	1647	1652	1638	1619	1619	1605	1591	1598	1552	1526	1509	1505	1499	1494	1486	1481																																	
N2942	71	8	OTHER       	0	0	4390	4370	4363	4310	4297	4279	4242	4118	4126	4098	4087	4019	4026	4048	4009	3779	3779	3773	3796	3931	3909	3906	3836	3797	3702	3525	3405	3446	3413	3386	3442	3351	3365	3364	3348	3348	3314	3270	3245	3199	3190	3154	3126	3090	3063	3021	2997	3016	2990	2974	2976	2946	2898	2868	2873	2836	2779	2690	2683	2662	2600	2568	2563	2535	2545	2549	2528	2512	2512	2501	2482																																	
N2943	71	8	OTHER       	0	0	3033	2986	2937	2913	2906	2867	2827	2788	2801	2792	2771	2789	2813	2801	2802	2810	2815	2794	2780	2772	2752	2700	2657	2606	2589	2581	2549	2522	2501	2515	2504	2460	2424	2388	2375	2360	2332	2303	2281	2255	2224	2193	2168	2139	2116	2077	2062	2051	2024	1999	1972	1985	1949	1920	1882	1830	1798	1779	1763	1704	1670	1664	1648	1653	1634	1608	1582	1536	1558	1538	1546																																	
N2944	71	8	OTHER       	0	0	6024	6023	5936	5854	5749	5692	5619	5561	5509	5451	5397	5351	5327	5298	5247	5164	5110	5110	5062	5021	5018	4994	4941	4882	4825	4773	4759	4776	4646	4594	4657	4452	4397	4337	4335	4298	4246	4194	4197	4139	4106	4100	4063	3987	3954	3926	3897	3829	3802	3774	3767	3771	3704	3618	3514	3468	3403	3374	3315	3257	3174	3225	3322	3299	3334	3341	3307	3273	3251	3227	3207																																	
N2945	71	8	OTHER       	0	0	4352	4320	4440	4408	4426	4404	4427	4375	4327	4336	4325	4365	4305	4282	4256	4181	4163	4268	4212	4220	4243	4243	4245	4221	4195	4219	4219	4198	4103	4122	4062	4061	4015	3927	3938	3927	3904	3810	3755	3728	3700	3637	3584	3551	3500	3428	3433	3385	3391	3354	3334	3327	3169	3169	3130	3094	3074	3036	3018	2999	2932	2943	2926	2894	2857	2808	2808	2777	2744	2720	2689																																	
N2946	71	8	OTHER       	0	0	6778	6737	6678	6644	6606	6585	6586	6543	6479	6486	6491	6463	6424	6402	6368	6341	6316	6418	6396	6404	6415	6393	6395	6402	6333	6316	6321	6296	6244	6233	6194	6217	6163	6100	6094	6048	6063	6007	5914	5912	5880	5803	5700	5694	5652	5574	5522	5481	5470	5407	5393	5440	5302	5302	5218	5169	5113	4965	4862	4816	4739	4713	4653	4631	4610	4483	4483	4435	4418	4369	4341																																	
N2947	71	8	OTHER       	0	0	5337	5240	5143	5067	5003	4955	4898	4963	4995	4956	4934	4936	4877	4873	4832	4773	4728	4716	4673	4615	4652	4573	4567	4507	4504	4582	4515	4558	4537	4549	4558	4548	4508	4414	4393	4480	4437	4408	4291	4210	4136	4119	4089	4059	4020	3972	3962	3870	3765	3693	3718	3640	3536	3536	3523	3484	3494	3451	3381	3336	3275	3261	3181	3077	3082	2977	2977	2920	2848	2827	2839																																	
N2948	71	8	OTHER       	0	0	3516	3494	3469	3453	3458	3446	3432	3411	3415	3408	3420	3384	3381	3378	3353	3340	3304	3292	3251	3191	3206	3189	3160	3174	3136	3128	3091	3042	2990	2967	3023	2988	2968	2954	2935	2915	2897	2892	2897	2880	2826	2845	2817	2833	2806	2787	2778	2720	2729	2706	2675	2641	2591	2591	2571	2514	2510	2484	2437	2413	2402	2344	2351	2316	2303	2226	2226	2165	2164	2133	2082																																	
N2949	71	8	OTHER       	0	0	5730	5668	5686	5664	5657	5653	5665	5725	5716	5775	5728	5729	5632	5595	5551	5355	5408	5291	5208	5187	5139	5103	5053	5016	4944	4871	4902	4952	4871	4860	4897	4838	4786	4730	4668	4616	4419	4323	4250	4192	4168	4102	4068	3945	3837	3781	3737	3673	3624	3598	3509	3497	3494	3474	3438	3420	3440	3453	3438	3431	3506	3448	3259	3129	3108	3082	3023	2962	2956	2934	2921																																	
N2950	71	8	OTHER       	0	0	26965	26762	26359	25852	25503	25149	25024	25022	25094	25021	24910	24861	24663	24235	23892	23688	23338	23087	22695	22526	22199	22044	21638	21362	21179	21124	20868	20593	20344	20204	20590	19563	19000	18978	18810	18665	18611	18482	18434	18166	17912	17711	17396	17216	16994	16833	16688	16370	16214	15921	15619	15681	15530	15361	15360	15046	14729	14624	14360	14210	14001	13857	13655	13585	13353	13277	13146	13061	13119	13024	12988																																	
N2951	71	8	OTHER       	0	0	3974	3980	3960	3955	3948	3957	3960	3951	3953	3981	3968	3973	3960	3966	3897	3887	3870	3851	3836	3810	3801	3797	3770	3759	3819	3819	3797	3774	3779	3757	3801	3784	3725	3791	3805	3786	3883	3882	3560	3479	3423	3370	3320	3316	3297	3238	3220	3192	3157	3136	3082	3064	2987	2883	2872	2858	2754	2772	2770	2731	2690	2676	2655	2656	2658	2648	2649	2627	2664	2643	2632																																	
N2952	71	8	OTHER       	0	0	6687	6665	6624	6621	6610	6613	6613	6623	6723	6663	6536	6524	6502	6454	6404	6343	6330	6293	6178	6148	6130	6040	5993	5960	5974	6160	6095	6005	5925	5877	5914	5612	5006	4912	4856	4800	4738	4723	4664	4553	4525	4459	4428	4403	4369	4348	4329	4280	4273	4267	4178	4291	4236	4200	4156	3986	3930	3926	3872	3903	4088	4115	4076	4029	4010	3990	3964	3925	4023	4044	4072																																	
N2953	71	8	OTHER       	0	0	8183	8156	8102	8071	8015	8001	7925	7910	7928	7870	7898	7919	7850	7741	7571	7568	7498	7412	7335	7289	7202	7141	7106	7033	7019	7016	6977	6962	6932	6888	6967	6792	6755	6740	6627	6615	6595	6606	6552	6452	6337	6164	6093	6072	6040	6015	6027	5993	5971	5918	5843	5840	5805	5775	5774	5738	5704	5733	5591	5553	5424	5344	5291	5228	5114	5077	5055	4999	5029	5000	5091																																	
N2954	71	8	OTHER       	0	0	4449	4465	4487	4493	4559	4543	4597	4617	4677	4693	4658	4643	4617	4606	4584	4544	4496	4500	4478	4456	4434	4421	4426	4422	4413	4419	4366	4367	4443	4435	4402	4383	4315	4347	4321	4253	4261	4173	4177	4108	4055	4018	3980	3958	3901	3882	3845	3824	3740	3651	3604	3489	3372	3372	3334	3351	3283	3242	3196	3163	3120	3065	3059	3007	2937	2660	2660	2629	2616	2583	2579																																	
N2955	71	8	OTHER       	0	0	5765	5703	5742	5700	5650	5592	5683	5555	5502	5512	5488	5432	5381	5303	5236	5189	5113	5036	4969	4961	4995	4967	4959	4933	4925	4913	4843	4636	4730	4744	4629	4474	4348	4248	4194	4162	4010	3983	3883	3874	3994	4082	3975	3897	3784	3803	3693	3661	3504	3434	3454	3394	3188	3188	3183	3160	3174	3096	3028	2891	2833	2767	2707	2634	2552	2258	2258	2222	2166	2122	2098																																	
N2956	71	8	OTHER       	0	0	2914	2914	2933	2950	2931	2937	2979	2980	2958	2975	2969	2975	3014	2990	3033	3161	3139	3128	3108	3104	3088	3072	3044	3033	3005	2980	2915	2913	2910	2892	2911	2910	2889	2867	2864	2804	2776	2745	2590	2519	2502	2480	2446	2424	2403	2388	2366	2341	2345	2327	2255	2246	2130	2130	2104	2095	2081	2101	2078	2078	2056	2108	2064	1877	1869	1755	1755	1740	1761	1812	1821																																	
N2957	71	8	OTHER       	0	0	1872	1922	2022	2110	2120	2110	2089	2081	2080	2097	2103	2139	2179	2226	2239	2213	2190	2230	2254	2275	2296	2304	1760	1766	1768	1731	1722	1724	1721	1744	1766	1715	1727	1698	1697	1676	1665	1654	1654	1604	1577	1577	1565	1548	1533	1496	1481	1462	1445	1435	1426	1435	1404	1390	1394	1367	1357	1291	1277	1280	1250	1265	1260	1248	1237	1283	1295	1296	1274	1228	1215																																	
N2958	71	8	OTHER       	0	0	6352	6315	6298	6237	6157	6092	6027	5974	5953	5944	5911	5850	5800	5749	5781	5827	5831	6157	6093	6069	6081	6007	5499	5399	5370	5360	5217	5206	5151	5267	5341	5112	5123	5061	5090	5036	4975	4936	4900	4843	4875	4866	4848	4778	4731	4388	4386	4373	4363	4339	4289	4370	4307	4356	4173	4148	4124	4108	4073	4081	4070	4105	4195	4190	4203	4311	4579	4544	4564	4548	4450																																	
N2959	71	8	OTHER       	0	0	7344	7264	7239	7114	7031	6898	6939	6906	6840	6803	6691	6663	6623	6723	6685	6669	6666	7076	7038	6892	6660	6540	6534	6403	6326	6292	6135	6071	6022	5980	5913	5661	5602	5477	5465	5371	5328	5310	5294	5160	5054	5004	4983	4889	4798	4406	4387	4266	4231	4168	4118	4222	4108	4127	3810	3770	3761	3618	3472	3472	3380	3337	3292	3237	3217	3244	3287	3255	3233	3141	3001																																	
N2960	71	8	OTHER       	0	0	2380	2354	2343	2362	2352	2341	2324	2362	2421	2451	2436	2444	2421	2427	2390	2369	2408	2356	2297	2262	2266	2347	2330	2331	2267	2163	2095	2006	2061	1954	1841	1837	1777	1757	1715	1691	1683	1658	1660	1669	1689	1644	1573	1535	1526	1536	1526	1498	1470	1485	1452	1442	1373	1373	1397	1352	1355	1336	1347	1323	1289	1265	1244	1244	1197	1154	1154	1145	1124	1102	1086																																	
N2961	71	8	OTHER       	0	0	10717	10754	10758	10717	10705	10764	10752	10716	10701	10795	10822	10614	10525	10468	10381	10412	10412	10386	10338	10295	10182	10118	10040	10047	10020	10037	10016	9973	9932	9909	9944	9926	9923	9872	9745	9722	9738	9746	9694	9664	9523	9600	9562	9533	9596	9559	9328	9063	9102	8900	9706	10800	10711	10711	10695	10749	10665	10660	10489	10553	10472	10425	10445	10373	10317	10071	10071	9936	9907	9876	9686																																	
N2962	71	8	OTHER       	0	0	4407	4400	4456	4469	4477	4483	4530	4563	4534	4549	4581	4482	4486	4507	4551	4585	4618	4636	4630	4629	4531	4538	4509	4544	4589	4614	4662	4681	4697	4713	4765	4776	4774	4782	4776	4835	4865	4926	4966	4968	4878	4899	4897	4824	4749	4678	4464	4256	4339	4170	5005	6199	6212	6212	6191	6160	6090	6060	6005	5991	5941	5942	5908	5852	5838	5778	5778	5722	5684	5646	5581																																	
N2963	71	8	OTHER       	0	0	3008	3020	2992	2980	2966	2959	2970	2984	3083	3066	3057	3040	3029	2968	2944	2964	2936	2886	2878	2740	2669	2655	2681	2681	2687	2648	2634	2636	2608	2581	2616	2502	2469	2399	2368	2354	2306	2302	2267	2267	2244	2219	2206	2185	2171	2152	2134	2090	2078	2056	2046	2081	2050	2040	2025	2001	1991	1975	1964	1947	1963	1951	1912	1910	1885	1868	1922	1907	1895	1885	1879																																	
N2964	71	8	OTHER       	0	0	6506	6452	6401	6386	6381	6322	6308	6263	6279	6281	6325	6371	6394	6376	6330	5781	5620	5617	5579	5543	5490	5476	5460	5442	5400	5348	5307	5209	5147	5101	5195	4969	4907	4871	4793	4711	4640	4573	4518	4470	4380	4244	4146	4100	3990	3904	3828	3765	3765	3620	3540	3451	3354	3291	3203	3190	3119	3084	3122	3071	3040	3022	3014	3004	2940	2870	2804	2836	2798	2782	2745																																	
N2965	71	8	OTHER       	0	0	4164	4090	4016	3945	3912	3914	3899	3954	3963	3957	3966	3980	3950	4011	4064	4068	4084	4087	4065	4052	4133	4104	4085	4072	4031	4015	3991	3976	3985	4032	4045	4036	4001	3998	3964	3971	3969	3918	3870	3806	3762	3737	3702	3648	3626	3536	3528	3449	3415	3346	3390	3320	3150	3150	3063	2968	2943	2931	2849	2818	2752	2731	2704	2662	2652	2595	2595	2545	2499	2498	2515																																	
N2966	71	8	OTHER       	0	0	5091	5185	5159	5090	5091	5095	5067	4971	4955	4886	4847	4695	4550	4444	4412	4383	4315	4254	4181	4220	4400	4338	4246	4218	4179	4189	4114	4097	4070	4052	4034	3985	3990	3910	3830	3719	3656	3639	3588	3565	3521	3566	3565	3529	3503	3479	3437	3423	3426	3378	3335	3274	3246	3246	3208	3174	3153	3113	2994	3054	3020	2988	2961	2942	2915	2828	2828	2818	2845	2847	2703																																	
N2967	71	8	OTHER       	0	0	5202	5299	5314	5322	5303	5262	5267	5279	5391	5458	5309	5283	5259	5305	5221	5157	5204	5152	5120	5081	5062	5039	5005	4999	4957	4895	4841	4773	4709	4690	4697	4658	4602	4546	4514	4450	4334	4284	4212	4201	4060	3995	3962	3900	3865	3844	3710	3658	3589	3561	3519	3470	3401	3401	3372	3333	3283	3245	3219	3180	3098	3072	3041	2994	2966	2909	2909	2808	2738	2724	2747																																	
N2968	71	8	OTHER       	0	0	2052	2060	2094	2102	2119	2170	2174	2170	2171	2173	2181	2185	2213	2214	2217	2241	2242	3421	3353	3399	3536	3843	3813	3844	3877	3922	3946	3951	3969	4008	4009	4022	4036	4040	4036	4025	4045	4061	4053	4071	4024	4042	3997	3924	3850	3803	3788	3809	3748	3723	3639	3595	3448	3448	3394	3351	3226	3184	3124	3059	3006	2931	2869	2786	2748	2662	2662	2622	2530	2496	2456																																	
N2969	71	8	OTHER       	0	0	19400	19091	18978	19093	18912	18826	18875	18913	18957	18938	18912	18718	18778	18701	18650	18460	18258	17928	17859	17540	17491	17500	17299	17195	17060	16849	16789	16541	16271	16101	16441	15846	15768	15624	15524	15243	15008	14739	14539	14409	14276	14097	13940	13744	13532	13446	13350	13099	12917	12801	12689	12554	12445	12281	12229	12045	11976	11939	11964	11854	11781	11647	11578	11294	11263	11164	11011	10917	10763	10558	10652																																	
N2970	71	8	OTHER       	0	0	6161	6138	6103	6109	6057	6051	6058	6132	6117	6097	6041	5971	5956	5958	5944	5886	5991	6021	5961	5920	5871	5916	5832	5790	5735	5710	5758	5835	5799	5730	5756	5647	5591	5491	5470	5399	5208	5119	5033	4986	4904	4824	4762	4637	4472	4458	4422	4297	4243	4229	4117	4078	4045	3971	3919	3873	3833	3831	3833	3860	3818	3797	3539	3458	3432	3393	3340	3319	3344	3279	3217																																	
N2971	71	8	OTHER       	0	0	3305	3337	3357	3370	3365	3464	3485	3524	3624	3613	3605	3612	3610	3614	3583	3547	3520	3508	3477	3448	3434	3423	3241	3252	3299	3176	3135	3047	3030	2979	2992	2914	2915	2870	2868	2824	2753	2623	2596	2580	2559	2514	2505	2450	2255	2244	2237	2228	2217	2206	2193	2197	2161	2118	2116	2051	2021	2005	2007	1978	1964	1942	1917	1878	1874	1813	1815	1781	1690	1542	1562																																	
N2972	71	8	OTHER       	0	0	6459	6416	6404	6489	6600	6707	6764	6826	6864	6901	6970	6983	7002	7000	7072	7035	7004	6938	6951	6858	6867	6890	6837	6839	6799	6784	6797	6755	6713	6646	6655	6405	6344	6213	6180	6024	5902	5771	5689	5636	5571	5499	5370	5253	5225	5183	5122	4998	4974	4957	4987	4864	4806	4754	4705	4644	4635	4611	4612	4564	4502	4424	4373	4325	4310	4301	4219	4180	4173	4098	4077																																	
N2973	71	8	OTHER       	0	0	11038	10882	10680	10560	10506	10479	10493	10451	10383	10423	10346	10298	10261	10166	10118	10066	9938	9907	9814	9731	9600	9477	9326	9271	9167	9093	9081	9169	9090	9044	8978	8929	8845	8859	8711	8723	8636	8623	8504	8508	8454	8340	8195	8113	8062	8003	7892	7773	7610	7443	7330	7230	7066	7065	6977	6900	6847	6823	6710	6657	6620	6503	6385	6349	6213	6022	6025	5954	5873	5763	5721																																	
N2974	71	8	OTHER       	0	0	2382	2324	2317	2300	2221	2198	2203	2116	2095	2130	2132	2143	2131	2103	2093	2062	2032	1963	1952	1940	1917	1906	1899	1891	1856	1819	1818	1790	1788	1787	1774	1716	1690	1686	1675	1682	1662	1640	1617	1599	1563	1535	1538	1526	1501	1487	1466	1446	1431	1420	1424	1405	1390	1390	1412	1394	1380	1356	1342	1314	1297	1268	1238	1207	1191	1147	1147	1132	1112	1112	1109																																	
N2975	71	8	OTHER       	0	0	4919	4819	4799	4790	4764	4738	4695	4716	4583	4568	4583	4533	4535	4509	4465	4433	4387	4346	4310	4283	4234	4129	4077	4056	4019	4035	4004	3950	3903	3876	3976	3864	3835	3647	3566	3547	3506	3497	3480	3420	3339	3317	3271	3233	3238	3208	3189	3193	3159	3118	3068	3047	3013	2977	2945	2915	2920	2877	2827	2804	2779	2743	2720	2683	2610	2557	2496	2456	2401	2386	2367																																	
N2976	71	8	OTHER       	0	0	2845	2797	2706	2669	2599	2590	2573	2570	2568	2597	2615	2614	2569	2613	2612	2624	2637	2617	2575	2523	2502	2458	2437	2430	2439	2419	2373	2350	2324	2326	2326	2290	2265	2241	2225	2208	2187	2157	2123	2081	2059	2037	2017	1997	1951	1934	1925	1862	1854	1829	1820	1804	1717	1700	1665	1620	1601	1611	1616	1591	1569	1565	1556	1556	1539	1505	1464	1399	1389	1389	1420																																	
N2977	71	8	OTHER       	0	0	17648	17417	17299	17078	17090	16942	16832	16598	16733	16776	16831	16787	16750	16662	16547	16491	16362	16328	16266	16156	16055	16039	15984	15861	15684	15370	15201	15006	14981	14959	14840	14736	14638	14611	14290	14201	14040	14004	13844	13594	13445	13330	13274	13132	13007	12954	13068	12942	12621	12505	12388	12190	12099	12099	12132	11917	11969	11867	11733	11598	11538	11284	11144	11035	10897	10511	10511	10340	10245	10173	10137																																	
N2978	71	8	OTHER       	0	0	14675	14618	14741	14803	14747	14723	14745	14827	14861	14807	14827	14691	14595	14467	14276	14168	14012	13871	13784	13674	13635	13592	13399	13287	13099	12794	12906	12887	12782	12727	12286	12129	11987	11976	11791	11652	11500	11602	11685	11512	11335	11217	11099	11018	10942	10775	10718	10558	10386	10248	10128	9983	9596	9596	9459	9347	9161	9065	8976	8779	8648	8517	8402	8164	8069	7660	7660	7393	7311	7252	7172																																	
N2979	71	8	OTHER       	0	0	3704	3704	3725	3764	3747	3745	3699	3692	3711	3717	3753	3735	3740	3751	3769	3757	3768	3729	3704	3690	3649	3613	3604	3592	3551	3519	3470	3427	3403	3379	3347	3428	3394	3342	3320	3273	3208	3185	3104	3017	3004	2994	2963	2921	2865	2841	2815	2782	2727	2727	2711	2685	2599	2599	2550	2490	2463	2419	2377	2374	2323	2289	2253	2262	2190	2114	2114	2083	2030	2026	2002																																	
N2980	71	8	OTHER       	0	0	3486	3472	3435	3420	3424	3422	3422	3412	3398	3406	3382	3355	3344	3283	3282	3219	3176	3181	3126	3095	3033	3042	2810	2795	2795	2786	2736	2693	2655	2636	2645	2638	2607	2487	2455	2451	2403	2374	2369	2324	2295	2279	2260	2249	2217	2207	2174	2141	2092	2099	2077	2059	2024	2026	2008	2006	1996	1965	1930	1931	1919	1919	1914	1925	1898	1865	1864	1877	1860	1857	1892																																	
N2981	71	8	OTHER       	0	0	6557	6561	6527	6521	6455	6456	6477	6557	6540	6560	6554	6525	6502	6552	6554	6462	6398	6398	6395	6461	6307	6239	6238	6154	6034	5998	5885	5820	5723	5677	5671	5474	5484	5454	5432	5402	5350	5315	5214	5144	5094	5085	5073	5017	4998	4912	4864	4814	4726	4680	4644	4592	4583	4465	4426	4381	4317	4143	4118	4134	4065	4016	4021	3989	3942	3952	3910	3939	3950	3940	3938																																	
N2982	71	8	OTHER       	0	0	2179	2168	2173	2159	2149	2127	2107	2113	2084	2095	2097	2107	2052	2025	2020	2043	1985	1950	1910	1877	1844	1844	1833	1811	1802	1820	1825	1819	1779	1785	1824	1716	1726	1728	1721	1699	1695	1665	1648	1627	1620	1594	1584	1558	1521	1477	1468	1471	1441	1404	1402	1374	1310	1288	1276	1272	1258	1253	1252	1227	1205	1198	1175	1167	1134	1121	1103	1040	1046	1032	1015																																	
N2983	71	8	OTHER       	0	0	15283	14698	14664	14660	14605	14480	14412	14454	13915	13858	13768	13738	13647	13591	13589	13294	13418	13251	13156	13045	12980	12910	12851	12907	12586	12384	12297	12312	12301	12218	11897	11877	11802	11582	11493	11390	11162	10962	10805	10602	10552	10373	10279	10131	10164	10090	10107	10042	10029	9950	9781	9559	9275	9275	9219	9192	9105	9100	9083	9092	9098	9195	9087	8845	8801	8666	8666	8543	8483	8398	8415																																	
N2984	71	8	OTHER       	0	0	18057	18027	17988	18058	18078	17859	17838	17843	17645	17707	17543	17338	17268	17291	17239	17114	17072	17030	17004	16743	16722	16592	16497	16579	16210	16136	15462	15232	15158	15066	14654	14186	13910	13743	13604	13385	13218	12938	12621	12627	12443	12304	12094	11692	11535	11394	11267	11251	11235	11007	10931	10755	10346	10346	10263	10272	10251	10255	10166	10101	10034	9987	9847	9693	9649	9538	9534	9394	9347	9319	9235																																	
N2985	71	8	OTHER       	0	0	11706	11248	11055	11000	10887	10646	10484	10369	10133	10103	10029	9856	9671	9519	9493	9212	9082	8980	8968	8901	8832	8791	8699	8736	8684	8563	7921	7765	7701	7628	7420	7232	7203	7167	7106	7059	6941	6840	6723	6744	6676	6521	6413	6121	6007	5937	5874	5859	5745	5623	5541	5218	4931	4931	4878	4791	4742	4714	4672	4634	4524	4344	4184	4070	4016	3934	3934	3887	3858	3784	3737																																	
N2986	71	8	OTHER       	0	0	4862	4856	4736	4745	4708	4662	4583	4597	4553	4569	4527	4510	4494	4480	4559	4444	4464	4492	4467	4353	4336	4282	4261	4235	4206	4201	4159	4078	4074	4039	3874	3838	3748	3624	3604	3585	3517	3445	3362	3320	3280	3208	3200	3154	3103	3027	2998	3059	2982	2793	2749	2528	2386	2386	2355	2256	2248	2204	2110	2098	2079	2081	2058	2051	2044	1940	1940	1903	1910	1902	1921																																	
N2987	71	8	OTHER       	0	0	2430	2375	2358	2395	2408	2395	2413	2431	2433	2478	2465	2460	2466	2451	2452	2459	2473	2462	2513	2516	2537	2510	2515	2521	2490	2482	2430	2401	2417	2387	2356	2280	2256	2280	2252	2211	2192	2179	2149	2109	2083	2054	2075	2033	2008	2003	1987	1964	1942	1948	1912	1869	1821	1821	1775	1751	1752	1764	1749	1727	1684	1666	1631	1623	1616	1497	1497	1516	1496	1482	1458																																	
N2988	71	8	OTHER       	0	0	3982	3900	3806	3828	3755	3710	3656	3647	3609	3570	3538	3516	3496	3570	3643	3602	3565	3557	3478	3456	3475	3482	3456	3447	3400	3359	3218	3296	3254	3210	3148	3089	3065	3098	3089	3044	2984	2960	2917	2882	2858	2765	2599	2445	2418	2388	2328	2274	2216	2181	2137	2081	1975	1975	1955	2003	1977	1951	1904	1889	1837	1804	1788	1744	1682	1532	1532	1522	1521	1502	1480																																	
N2989	71	8	OTHER       	0	0	4970	4927	4912	4883	4863	4816	4770	4764	4797	4754	4669	4658	4671	4688	4630	4519	4459	4436	4448	4410	4405	4379	4291	4251	4159	4107	4078	4006	3954	3911	3831	3820	3785	3778	3729	3676	3592	3586	3530	3501	3459	3422	3372	3299	3225	3120	3087	3022	2951	2780	2639	2507	2399	2399	2386	2347	2272	2275	2241	2234	2170	2137	2062	2020	1955	1818	1818	1784	1763	1733	1700																																	
N2990	71	8	OTHER       	0	0	29487	29544	29669	29579	29779	29683	29779	29591	28749	28790	28787	28474	28398	28325	28212	28089	27570	27369	27200	27208	27153	27031	24468	24490	24272	24218	24399	24924	25540	25582	26466	25481	25626	25865	25882	25759	25756	25710	25670	25763	25665	25623	26175	26270	26246	26289	26536	26613	26852	27020	27087	27364	27600	27724	27881	28038	28242	28320	28377	28516	28603	28750	29034	29043	29036	28965	28717	28546	28333	28294	28170																																	
N2991	71	8	OTHER       	0	0	40548	40331	39814	39360	38915	38583	38191	37477	37110	36670	36330	36108	35341	34764	34253	33743	33296	32875	32622	32346	31780	31003	28467	28153	27682	27217	26780	26490	26020	25227	25343	24453	23958	23475	23102	22393	21557	20893	20376	19704	19016	18274	18020	17317	16919	16372	16069	15478	15018	14561	14047	13506	13035	12471	11815	11172	10594	9914	9319	8939	8073	7431	7022	6667	6403	5893	5842	5705	5724	5792	5862																																	
N2992	71	8	OTHER       	0	0	20871	20936	20870	20868	20834	20640	20570	20849	20772	20784	20951	21452	21404	21361	21163	21187	21077	20851	20578	20551	20403	20203	20025	19886	19681	19420	19346	19835	20483	20367	21095	20471	20645	21041	20965	20842	20590	20496	20337	20040	19801	19512	19295	19052	18890	18759	18675	18583	18414	18322	18212	18058	17983	17804	17585	17382	17234	17076	16921	16798	16621	16421	16365	16179	16115	15954	15899	15857	15785	15769	15743																																	
N2993	71	8	OTHER       	0	0	6614	6662	6642	6646	6537	6508	6413	6379	6368	6362	6311	6260	6216	6217	6188	6174	6139	6081	6065	6075	6043	5979	5941	5974	5949	5939	5948	5890	5843	5796	6004	5780	5741	6824	6798	6697	6733	6682	6647	6564	6403	6409	6386	6302	6236	6203	6211	6182	6196	6139	6092	6054	6004	5933	5879	5809	5765	5730	5678	5654	5609	5543	5652	5572	5553	5528	5520	5501	5490	5462	5445																																	
N2994	71	8	OTHER       	0	0	3521	3517	3503	3510	3493	3492	3470	3475	3458	3435	3418	3426	3423	3404	3396	3406	3357	3330	3367	3354	3308	3499	3490	3589	3617	3629	3718	3649	3584	3560	3597	3486	3446	3431	3414	3388	3348	3314	3319	3265	3234	3199	3206	3183	3131	3105	3096	3087	3074	3030	3004	2971	2959	2918	2844	2841	2843	2813	2774	2740	2729	2708	2711	2665	2643	2478	2266	2258	2259	2211	2208																																	
N2995	71	8	OTHER       	0	0	7078	7118	7200	7283	7398	7419	7541	7617	7646	7710	7794	7809	7891	7942	7911	7902	7859	7861	7784	7808	7750	7732	7732	7708	7680	7590	7579	7541	7493	7450	7742	7309	7228	7442	7431	7364	7276	7239	7126	6942	6865	6815	6740	6702	6632	6616	6637	6630	6625	6631	6639	6563	6459	6424	6257	6174	6131	6145	6088	6047	6041	5987	5981	5924	5943	5907	5861	5864	5862	5929	5978																																	
N2996	71	8	OTHER       	0	0	3498	3522	3535	3566	3591	3597	3607	3639	3650	3689	3716	3920	4028	4226	4184	4226	4220	4200	4205	4235	4205	4163	4073	4041	4011	3992	3976	3949	3923	3902	3998	3862	3820	3798	3782	3766	3738	3726	3695	3655	3616	3595	3563	3510	3485	3484	3486	3487	3468	3463	3453	3422	3417	3384	3372	3360	3339	3335	3315	3299	3286	3273	3260	3223	3210	3179	3160	3179	3172	3241	3268																																	
N2997	71	8	OTHER       	0	0	3003	3030	3028	3014	2976	2974	2977	2993	2986	2989	2979	2960	2953	2961	2942	3006	2986	2965	2938	2916	2890	2864	2819	2793	2755	2750	2716	2693	2675	2649	2660	2599	2581	2567	2557	2532	2513	2486	2460	2432	2409	2382	2365	2332	2296	2289	2295	2260	2247	2234	2212	2209	2184	2165	2171	2143	2138	2125	2083	2064	2050	2016	2244	2242	2226	2211	2122	2144	2123	2127	2127																																	
N2998	71	8	OTHER       	0	0	3827	3819	3814	3805	3780	3774	3764	3798	3797	3810	3765	3748	3734	3715	3710	3752	3724	3738	3712	3691	3637	3824	3784	3751	3702	3689	3669	3650	3600	3562	3572	3478	3440	3381	3385	3356	3300	3252	3211	3088	3058	3016	2979	2954	2899	2886	2893	2872	2841	2827	2802	2774	2762	2727	2695	2684	2689	2663	2617	2605	2601	2577	2662	2661	2663	2502	2449	2435	2423	2423	2393																																	
N2999	71	8	OTHER       	0	0	3022	3001	2982	2995	2994	2989	2989	2968	2926	2875	2869	2852	2856	2854	2844	2856	2783	2745	2740	2697	2646	2421	2418	2442	2364	2325	2328	2275	2245	2215	2257	2217	2170	2140	2127	2045	2033	2002	1986	1948	1910	1902	1901	1834	1773	1746	1737	1738	1745	1711	1689	1679	1665	1635	1657	1658	1650	1654	1632	1639	1622	1611	1565	1550	1549	1537	1521	1458	1460	1448	1420																																	
N3000	71	8	OTHER       	0	0	5927	5808	5656	5533	5362	5248	5072	4942	4813	4681	4468	4224	4029	3917	3871	3821	3748	3712	3651	3674	3602	3500	3452	3451	3450	3429	3409	3392	3335	3282	3396	3153	2971	2801	2774	2717	2668	2650	2592	2552	2492	2434	2406	2372	2319	2250	2249	2139	2111	2077	2016	1977	1948	1923	1893	1864	1824	1815	1763	1715	1681	1663	1634	1580	1540	1503	1472	1444	1433	1442	1431																																	
N3001	71	8	OTHER       	0	0	37242	36868	36402	35930	35588	35225	34664	33262	31998	31658	31368	31119	30330	29578	29197	28566	27756	27394	26678	26188	25678	25167	24361	24038	23493	23108	22789	22237	21721	21200	20971	20342	19912	19564	19170	18647	18258	17687	17121	16456	15505	14969	15566	15311	15126	14703	14525	14001	13596	13265	12741	12486	12297	12055	11747	11309	10944	10287	9910	9581	8990	8250	8052	7821	7525	6862	6618	6436	6332	6243	6203																																	
N3002	71	8	OTHER       	0	0	19585	19608	19497	19536	19587	19777	19779	19763	19789	19685	19752	19690	20258	20028	19891	19663	19346	19228	19021	18729	18562	18211	17968	17824	17519	17382	17014	16826	16842	16888	16899	16459	16295	15991	15786	15572	15339	15218	15606	15431	15194	15232	15095	14593	14019	13763	13673	13432	13428	13152	12979	12879	12676	12516	12160	12034	11844	11800	11742	11638	11394	11198	11121	11053	10930	10844	10686	10566	10404	10324	10223																																	
N3003	71	8	OTHER       	0	0	5843	5805	5797	5744	5983	5978	5921	5849	5827	5771	5705	5646	5666	5642	5506	5353	5287	5345	5319	5288	5221	5155	5104	5061	5049	5033	5019	5071	5044	5371	5373	5278	5183	5239	5255	5197	5100	5061	5095	5079	4941	4962	4911	4695	4719	4681	4597	4493	4474	4390	4329	4266	4185	4113	4038	4029	3947	3928	3907	3881	3803	3701	3496	3416	3615	3493	3448	3439	3419	3398	3354																																	

