NN3-001	NN3-002	NN3-003	NN3-004	NN3-005	NN3-006	NN3-007	NN3-008	NN3-009	NN3-010	NN3-011	NN3-012	NN3-013	NN3-014	NN3-015	NN3-016	NN3-017	NN3-018	NN3-019	NN3-020	NN3-021	NN3-022	NN3-023	NN3-024	NN3-025	NN3-026	NN3-027	NN3-028	NN3-029	NN3-030	NN3-031	NN3-032	NN3-033	NN3-034	NN3-035	NN3-036	NN3-037	NN3-038	NN3-039	NN3-040	NN3-041	NN3-042	NN3-043	NN3-044	NN3-045	NN3-046	NN3-047	NN3-048	NN3-049	NN3-050	NN3-051	NN3-052	NN3-053	NN3-054	NN3-055	NN3-056	NN3-057	NN3-058	NN3-059	NN3-060	NN3-061	NN3-062	NN3-063	NN3-064	NN3-065	NN3-066	NN3-067	NN3-068	NN3-069	NN3-070	NN3-071	NN3-072	NN3-073	NN3-074	NN3-075	NN3-076	NN3-077	NN3-078	NN3-079	NN3-080	NN3-081	NN3-082	NN3-083	NN3-084	NN3-085	NN3-086	NN3-087	NN3-088	NN3-089	NN3-090	NN3-091	NN3-092	NN3-093	NN3-094	NN3-095	NN3-096	NN3-097	NN3-098	NN3-099	NN3-100
5520 	5080 	6320 	5500 	4670 	4540 	7700 	8300 	5400 	1880 	2940 	2300 	5760 	5520 	7778 	9520 	8372 	5548 	5100 	9290 	4190 	4120 	5125 	9000 	1500 	6800 	6685 	7552 	4550 	6300 	1680 	7740 	5430 	5700 	3700 	6500 	6950 	3980 	4600 	2832 	6120 	6030 	3120 	2660 	2160 	5050 	12050 	6530 	4200 	8300 	5379 	7433 	4243 	2478 	5683 	5550 	6370 	6600 	1211 	4738 	3959 	1365 	2730 	5900 	4709 	6970 	4160 	3070 	872 	13430 	7149 	5305 	1093 	6650 	4935 	9315 	4815 	7401 	6780 	4080 	2041 	4692 	4580 	5370 	4780 	4094 	3990 	2992 	1370 	3690 	5045 	2780 	3480 	4935 	1860 	1640 	4093 	3528 	3125 	3765 
3940 	3690 	4770 	3860 	3150 	4035 	5700 	7400 	5200 	1100 	2720 	2140 	4190 	3880 	4960 	5894 	5820 	3436 	5750 	6160 	6185 	5020 	3990 	6600 	6300 	4200 	4885 	6052 	3200 	6012 	1920 	4940 	4365 	4080 	2460 	5200 	6650 	2870 	3880 	3624 	3810 	5010 	3000 	3380 	1320 	4650 	4500 	6880 	5100 	8155 	5338 	7694 	4111 	2769 	5287 	5530 	6570 	6800 	1335 	4687 	3704 	1134 	3200 	6240 	5372 	6455 	3960 	3022 	1660 	13020 	7567 	5147 	1199 	6350 	4395 	9636 	4820 	6525 	6041 	4162 	1982 	5564 	4880 	5360 	4010 	4005 	4080 	3256 	1480 	3690 	5020 	2760 	1020 	5585 	3880 	3490 	5802 	3671 	1860 	3680 
4490 	4260 	5740 	4880 	3770 	3725 	6850 	7800 	4650 	2160 	3620 	2760 	4910 	4840 	6152 	7400 	7124 	4486 	6950 	8320 	6820 	3840 	4545 	8100 	3000 	4100 	4100 	6074 	3800 	6740 	120 	4140 	3165 	4660 	3320 	5160 	6900 	2010 	4240 	3528 	3900 	5520 	2760 	3240 	5760 	5650 	5480 	7850 	4200 	8405 	5977 	8526 	5194 	3697 	6608 	6070 	7650 	7500 	1688 	5931 	5149 	2186 	4690 	6175 	6284 	8005 	4170 	3569 	1498 	11710 	9955 	5620 	1456 	6900 	4860 	11658 	4835 	7396 	6732 	4200 	2216 	5652 	4960 	5525 	4400 	4614 	3640 	4290 	1440 	4250 	5035 	2720 	560 	5790 	2660 	4025 	8459 	3779 	2815 	3265 
5030 	3920 	5360 	4420 	3380 	3405 	5200 	9000 	3950 	1600 	2680 	1900 	4870 	4360 	6210 	7378 	6218 	4188 	3700 	8310 	5950 	5720 	3330 	7000 	6000 	4250 	5010 	6160 	6500 	6058 	1080 	6400 	5255 	4240 	2480 	5120 	6250 	2800 	3220 	3168 	4500 	4950 	1800 	1440 	2520 	3800 	8650 	4540 	5500 	7145 	5586 	7539 	5303 	3679 	6826 	6120 	6920 	7500 	2262 	5532 	5419 	1765 	4880 	5955 	7048 	8115 	6180 	3613 	548 	9265 	5566 	5367 	2307 	6700 	4725 	9169 	5020 	9133 	6045 	4156 	2159 	5644 	5060 	5380 	4680 	4833 	3200 	4190 	1530 	4410 	5065 	2720 	4940 	6355 	3080 	5790 	7008 	3968 	2820 	2950 
5660 	4290 	4990 	4900 	3930 	4195 	5750 	7200 	4650 	1900 	3460 	3140 	4750 	3800 	6516 	7112 	7464 	4142 	6050 	6750 	5885 	4960 	3805 	7700 	1200 	4200 	6210 	5912 	5050 	6684 	840 	5880 	4650 	4160 	3200 	5300 	6900 	3060 	4320 	3360 	4970 	5160 	2400 	1080 	4560 	4100 	6430 	5560 	4500 	6945 	5594 	7428 	5465 	3970 	6995 	5840 	6720 	7400 	3835 	5430 	5151 	1849 	5100 	5955 	6932 	8180 	5520 	3329 	284 	7280 	4397 	5068 	5391 	7200 	4235 	8357 	5020 	5584 	6360 	4129 	2768 	5864 	4960 	5275 	4900 	4502 	2880 	4080 	1760 	4170 	5085 	2660 	7130 	6430 	3300 	5210 	7948 	4279 	3440 	2975 
4790 	3840 	5330 	4230 	3350 	3955 	4500 	6800 	4500 	1860 	2880 	2160 	4930 	4560 	5904 	7232 	7200 	3866 	5200 	8710 	6020 	1960 	3475 	5100 	3000 	4200 	6360 	5798 	7400 	5692 	1440 	5280 	4345 	3540 	2980 	4820 	4950 	2670 	4680 	3180 	5580 	5820 	3120 	1800 	2640 	3950 	5390 	4690 	4200 	6725 	5591 	7835 	5828 	4074 	7509 	6360 	6880 	7600 	6423 	6107 	6368 	1618 	5610 	6045 	7063 	7930 	3750 	3720 	170 	5040 	3971 	5652 	5043 	7150 	4420 	8103 	5030 	8327 	5387 	4064 	2636 	6080 	5240 	5670 	4820 	4418 	2900 	4162 	1890 	3990 	5095 	2640 	9480 	6545 	6300 	6110 	3758 	4036 	4025 	3225 
5520 	4830 	5210 	3970 	3610 	3840 	5650 	8300 	4100 	1780 	3140 	2060 	4910 	4560 	5554 	7702 	7022 	4582 	5050 	6300 	4470 	3780 	3700 	4900 	5400 	3750 	5655 	5862 	3100 	5472 	480 	5060 	4965 	4600 	3880 	5800 	6950 	2590 	3640 	4272 	5250 	6540 	4560 	5640 	2520 	3000 	10520 	7160 	4500 	7270 	5459 	6147 	4926 	3038 	6600 	6300 	6180 	7300 	9784 	5961 	6427 	2100 	4390 	5510 	4583 	7275 	3400 	3347 	364 	3860 	5805 	5106 	4872 	5450 	3620 	9306 	5060 	5712 	5296 	4070 	2818 	6116 	5320 	5525 	4610 	4521 	2995 	3688 	1890 	3980 	5100 	2640 	11230 	6530 	3140 	3795 	5961 	4788 	2810 	3270 
5560 	4120 	5470 	4690 	3740 	3795 	4900 	5500 	5450 	2100 	4000 	3480 	4750 	5120 	6298 	7854 	7198 	4506 	4400 	5710 	5885 	3620 	3940 	5600 	3300 	3000 	4455 	5232 	2500 	6662 	720 	3620 	3780 	4400 	3320 	5180 	7300 	3660 	4900 	3144 	4890 	5670 	2400 	4560 	3480 	2450 	7010 	6000 	2100 	6825 	4779 	7418 	5310 	2817 	7313 	6400 	6700 	7900 	9064 	5542 	5724 	2023 	3560 	5440 	3611 	7865 	5170 	3274 	3006 	6160 	7112 	5872 	4260 	6850 	4835 	6138 	5060 	5918 	6069 	4175 	2641 	5732 	5380 	5795 	4740 	4513 	2785 	3846 	2030 	4070 	5130 	2660 	10900 	7090 	2940 	4865 	6254 	3815 	3120 	3425 
5200 	4530 	4740 	4190 	3590 	3495 	4950 	5400 	5100 	2940 	4360 	3340 	5020 	4320 	5466 	6324 	6694 	4180 	3250 	5740 	4885 	6700 	3090 	7100 	4800 	2150 	4195 	5474 	2850 	5424 	4080 	3920 	3090 	4600 	3420 	4140 	5400 	2480 	4840 	4140 	6360 	5160 	2160 	1440 	2760 	3750 	3850 	6280 	1800 	4150 	3979 	7764 	5681 	3022 	7792 	5490 	6720 	7100 	6082 	5362 	4809 	1753 	4290 	5960 	6160 	7610 	3890 	3493 	6616 	13610 	5623 	5815 	4006 	7250 	4415 	8419 	5090 	5984 	5638 	4364 	2393 	5188 	5260 	5315 	4720 	4298 	2455 	3838 	1910 	3960 	5140 	2700 	9340 	7055 	4940 	4450 	4259 	3641 	3600 	3575 
6670 	4640 	6280 	4960 	3730 	4110 	5650 	7200 	5250 	2420 	4220 	3180 	6380 	5380 	6482 	8262 	7812 	4514 	3950 	6710 	7200 	3780 	4200 	10300 	5100 	3500 	5900 	6570 	3300 	7192 	1560 	6480 	4955 	4980 	3780 	4920 	7600 	3460 	4320 	3948 	4350 	7230 	3840 	2520 	4560 	4600 	7530 	6660 	6300 	7145 	3950 	7691 	5355 	2919 	7303 	5630 	7170 	7700 	4456 	5237 	4596 	1568 	4310 	6100 	6674 	7435 	3580 	3633 	3392 	15455 	11673 	5664 	3212 	8150 	4915 	6404 	5095 	4682 	6085 	4179 	2575 	4988 	5360 	5185 	4930 	4084 	2400 	4008 	1950 	4080 	5195 	2760 	6900 	6935 	4240 	3415 	5671 	4361 	2875 	3455 
5900 	4510 	6200 	5590 	3850 	4005 	7200 	5000 	5150 	2660 	4300 	2800 	5910 	4860 	6134 	8248 	8120 	4150 	4150 	7310 	5460 	5340 	4120 	8600 	2700 	2000 	5185 	7202 	3950 	7214 	480 	4340 	3815 	4620 	4080 	5680 	7000 	2530 	4720 	3732 	5070 	7170 	2880 	4080 	4440 	3250 	5320 	7600 	6600 	8080 	4659 	6793 	4598 	2652 	6169 	5580 	6910 	6500 	2105 	4827 	4454 	1912 	4070 	6515 	5873 	8480 	3130 	4313 	1696 	14530 	13034 	4966 	3114 	7600 	4075 	7490 	5095 	4432 	5236 	4098 	2310 	4788 	5260 	4995 	5080 	4535 	2280 	4254 	2140 	4060 	5270 	2780 	2220 	7175 	3360 	810 	4027 	2922 	3355 	3335 
5280 	4660 	5640 	5000 	4010 	3910 	5350 	6800 	4200 	1980 	3020 	2780 	5880 	4560 	5446 	7304 	7192 	4240 	6550 	7240 	5925 	3280 	4525 	4300 	3600 	3750 	6605 	5522 	2600 	6444 	720 	5400 	4840 	4620 	3160 	5700 	7600 	2430 	3980 	2748 	4000 	4290 	2160 	2400 	2400 	4650 	5350 	4330 	3300 	5500 	5552 	6986 	4356 	3518 	5303 	5780 	6960 	5000 	1115 	4782 	4488 	2492 	3660 	6760 	5203 	8850 	4950 	5168 	1536 	13815 	11738 	4230 	1594 	7500 	4340 	9120 	5065 	4871 	4898 	4270 	2251 	4880 	5560 	4930 	4410 	4814 	4750 	3944 	1870 	3680 	5255 	2740 	1030 	6610 	5400 	1100 	5594 	2932 	3755 	3725 
6490 	5340 	7160 	6030 	4790 	5355 	8300 	8400 	6050 	2520 	4840 	4180 	7400 	5820 	7620 	9692 	9026 	5800 	6550 	8650 	7170 	4980 	4705 	8800 	4800 	4550 	4380 	7654 	6400 	7886 	6120 	6400 	4650 	5960 	3440 	6800 	7100 	3660 	5440 	3996 	5550 	6810 	4800 	2880 	4440 	4500 	7180 	7780 	8100 	8660 	5847 	7749 	4231 	2458 	5632 	5670 	6880 	6200 	1225 	4983 	3696 	1240 	4570 	7355 	4977 	8345 	4310 	2984 	1010 	12860 	4839 	4823 	401 	7950 	4575 	8682 	5055 	7805 	5123 	4035 	2183 	4852 	5460 	4620 	5090 	4512 	3890 	3750 	1910 	4070 	5180 	2720 	1490 	6615 	3280 	865 	6712 	5833 	3130 	3895 
5560 	3960 	5530 	4690 	3330 	3610 	5700 	7500 	4700 	2220 	4080 	2820 	5300 	4260 	5628 	7388 	6780 	4008 	7000 	8330 	8030 	6220 	4920 	6800 	1500 	5950 	6185 	5198 	4500 	7056 	2040 	5320 	5000 	4980 	3760 	4500 	5850 	2550 	4240 	2796 	3270 	3030 	3480 	1680 	2400 	5150 	5380 	6070 	3600 	7080 	5590 	7496 	4511 	3701 	5516 	6030 	6790 	7000 	1440 	4718 	4103 	2168 	4740 	7660 	6449 	8275 	3830 	2901 	1366 	11500 	6823 	5285 	632 	7850 	3700 	7655 	5045 	5690 	5283 	4251 	1796 	5284 	4940 	4480 	5070 	4713 	3530 	3596 	1960 	3940 	5265 	2680 	230 	6375 	3780 	2640 	4794 	4255 	3315 	4145 
5090 	3680 	4890 	4090 	2940 	3395 	5650 	5500 	4300 	2920 	4280 	3500 	5500 	3720 	5042 	6290 	6432 	3608 	5350 	7810 	5905 	5400 	5940 	5700 	900 	5000 	3445 	5294 	1700 	7212 	3960 	3340 	2810 	4540 	3020 	4280 	5950 	1770 	4140 	3096 	4950 	3510 	960 	4200 	1920 	3700 	8260 	7350 	1800 	5560 	6060 	7685 	5410 	4232 	6677 	6760 	7880 	7400 	1777 	5524 	5299 	2379 	5750 	7860 	7317 	8595 	5430 	3629 	1568 	10660 	7767 	5743 	485 	8900 	4155 	8204 	5045 	7514 	5732 	4342 	2355 	5556 	5040 	4320 	4940 	4682 	3525 	4238 	2020 	4160 	5300 	2660 	90 	6925 	4400 	2640 	7069 	3935 	3415 	4490 
7090 	4320 	5660 	5070 	4020 	4155 	5350 	5900 	3750 	2600 	5540 	3860 	6290 	4500 	6062 	7794 	7140 	4432 	5150 	8260 	6940 	5180 	4305 	6500 	600 	2500 	3445 	6588 	7200 	7344 	2160 	7120 	5260 	4100 	2740 	5500 	7850 	4410 	4620 	4176 	5100 	4890 	2760 	2040 	3000 	3850 	8250 	6940 	5500 	8345 	5998 	8163 	5335 	4143 	6593 	6050 	7220 	7200 	2636 	5287 	5156 	2389 	5290 	7675 	7332 	8430 	4580 	3374 	1404 	9340 	7049 	4837 	2922 	7300 	4295 	8360 	5100 	3952 	4467 	4360 	2183 	5472 	4900 	4310 	4710 	4640 	2945 	4308 	2050 	4030 	5305 	2620 	670 	7255 	4520 	1705 	6270 	4092 	3030 	4280 
6570 	4420 	6430 	5050 	4010 	4345 	5950 	6100 	4050 	3300 	5100 	4040 	6530 	5200 	6150 	7586 	7774 	4240 	4400 	6680 	7045 	5280 	4295 	9900 	5400 	3150 	3620 	6408 	2550 	6504 	120 	6380 	4180 	5040 	3800 	5620 	7050 	5390 	4420 	3396 	5790 	4950 	2160 	2160 	7200 	3350 	6060 	7320 	6700 	5890 	6239 	7827 	5672 	4286 	7101 	5910 	7290 	6900 	3788 	5389 	5699 	2566 	5870 	7300 	8573 	8395 	6270 	3408 	1104 	8050 	5749 	4824 	5408 	8250 	4190 	9450 	5100 	5614 	4072 	4268 	2919 	5044 	4520 	4650 	4330 	4499 	2980 	4350 	2080 	4110 	5340 	2600 	2380 	7090 	4820 	6100 	6149 	4826 	4495 	3785 
5890 	4310 	5270 	4520 	3450 	3795 	4750 	6600 	4250 	2560 	3820 	2900 	5560 	4300 	5750 	7850 	7784 	4576 	3500 	5580 	5000 	4460 	3290 	5600 	2400 	4250 	3865 	5106 	4100 	6504 	1200 	4420 	4860 	4520 	3340 	4500 	6300 	4840 	4160 	3324 	3750 	5850 	2160 	1800 	5280 	3550 	6950 	5480 	3600 	5175 	6138 	7737 	6129 	4461 	7793 	6510 	7260 	7400 	6649 	5810 	6326 	2050 	6440 	7230 	7347 	7735 	4740 	3868 	812 	6540 	3444 	6059 	5681 	7700 	4815 	10714 	5095 	4517 	3604 	4230 	2386 	4852 	4600 	4980 	4320 	4189 	2740 	4386 	2040 	4110 	5335 	2580 	4970 	7155 	3040 	3915 	6510 	3546 	4770 	3295 
6640 	4410 	6240 	5070 	4080 	3960 	6500 	7200 	4250 	3160 	4980 	4400 	6560 	5460 	5896 	7634 	7574 	4320 	3300 	6340 	5875 	2180 	3415 	7100 	600 	3750 	6050 	6294 	4800 	6362 	1080 	4820 	5370 	5260 	3920 	5260 	7950 	4290 	5120 	3840 	5370 	6720 	2760 	5400 	1200 	5250 	5530 	7640 	2400 	6650 	5623 	6285 	5364 	3240 	7177 	6360 	6490 	6400 	9383 	5057 	5732 	2065 	4610 	6490 	4678 	7890 	3260 	3198 	868 	5060 	5168 	4917 	6082 	6450 	3965 	7080 	5160 	3911 	3931 	4285 	2384 	4624 	4100 	4955 	3730 	3813 	3030 	4086 	1880 	4080 	5335 	2600 	5500 	7005 	3940 	3785 	6060 	3878 	4785 	3290 
6360 	4340 	5220 	4290 	3590 	3615 	5900 	6400 	4350 	2160 	4720 	3680 	6270 	4800 	5752 	7504 	6468 	3490 	3800 	4490 	5625 	2560 	3045 	5800 	1200 	4500 	4960 	5898 	3300 	6080 	1080 	8160 	5275 	4440 	2700 	4500 	7300 	6390 	5260 	3336 	5940 	5910 	1800 	3840 	3740 	4550 	6910 	7310 	2100 	5915 	5166 	8220 	6035 	3931 	7843 	6460 	7220 	5500 	9051 	5604 	6029 	1401 	4920 	6340 	3757 	8435 	5970 	3383 	2396 	6350 	4016 	5580 	5631 	7900 	5130 	9863 	5210 	3187 	4012 	4324 	2461 	4648 	4540 	5285 	4220 	3707 	2165 	3878 	2100 	4000 	5345 	2640 	6120 	6565 	2820 	5645 	6717 	4459 	4260 	3530 
5640 	4010 	4660 	4400 	3500 	3755 	5400 	6300 	3800 	2160 	4780 	2960 	5410 	4500 	5118 	7094 	7130 	3854 	4050 	5000 	5165 	5280 	3390 	5300 	3300 	6250 	3615 	5884 	4100 	5842 	1080 	5520 	4220 	3520 	2460 	5380 	7450 	4420 	3980 	3768 	3540 	4500 	2520 	3000 	1560 	2200 	4420 	8560 	3600 	5905 	4342 	8180 	6374 	5003 	7859 	5710 	7190 	6600 	5876 	5285 	5193 	2577 	6270 	6330 	6420 	7620 	6910 	3377 	6556 	14130 	4089 	5666 	4066 	7200 	5785 	8112 	5250 	5681 	4979 	4321 	2358 	4696 	4980 	4605 	4750 	4372 	2495 	4294 	1880 	4140 	5285 	2720 	4960 	6200 	2860 	5030 	7185 	4367 	3510 	4345 
6630 	4210 	6110 	5080 	3680 	3810 	5300 	5800 	4300 	2840 	5160 	4020 	6220 	4640 	6196 	8008 	7468 	3808 	5900 	7030 	7015 	4480 	3715 	10200 	2400 	5050 	4080 	6066 	3900 	8282 	2160 	6640 	6365 	5000 	2880 	4500 	6050 	6370 	4980 	3516 	3630 	5310 	2520 	3600 	2760 	6900 	4240 	8360 	3100 	7060 	4149 	8367 	6160 	4870 	7577 	5910 	7550 	7000 	3940 	5215 	4888 	2349 	6780 	6465 	7979 	7610 	6380 	3436 	3014 	16380 	5662 	5407 	4825 	8650 	5615 	8719 	5250 	3228 	5036 	4300 	2181 	4532 	4840 	4535 	4920 	4295 	2850 	4334 	1920 	4320 	5310 	2800 	20720 	5620 	3860 	2775 	7707 	5331 	4620 	4340 
5330 	4330 	5240 	4180 	3750 	3570 	6000 	4600 	3600 	2400 	4740 	3360 	5700 	4600 	6134 	7514 	7328 	4396 	3650 	6100 	5990 	5820 	3100 	7500 	6900 	3050 	3970 	6174 	5000 	6372 	240 	5600 	3520 	3620 	3120 	4640 	6400 	4050 	3940 	4056 	4530 	5280 	3240 	4560 	2760 	3450 	7190 	7230 	2400 	5905 	4936 	7568 	5258 	4625 	6229 	5680 	7400 	6200 	1936 	4625 	4482 	2431 	6360 	7020 	7491 	8005 	6460 	4315 	1428 	16160 	10739 	4954 	5213 	7100 	5135 	8974 	5255 	5111 	4731 	4387 	2145 	4700 	4620 	4750 	3940 	4798 	3575 	3944 	1950 	4560 	5255 	2860 	18150 	5590 	2900 	1910 	7000 	3544 	4040 	4950 
5540 	4600 	6680 	5230 	4370 	4410 	6850 	6300 	4750 	3020 	5580 	3480 	6930 	5400 	6694 	8988 	8080 	4038 	5600 	9740 	7905 	5720 	4715 	5300 	5400 	3050 	4065 	6542 	4100 	7222 	1440 	4220 	6180 	5160 	3980 	5880 	7200 	4170 	4040 	3480 	5220 	5040 	1680 	720 	3720 	4650 	7210 	5270 	3450 	6735 	6338 	7742 	5000 	4608 	5740 	5690 	7220 	5100 	1348 	4270 	4417 	2471 	5810 	7075 	5595 	8935 	4570 	5047 	1440 	15850 	11097 	3308 	4118 	7150 	6070 	8588 	5135 	4578 	4654 	4606 	1820 	4896 	5200 	4810 	4910 	5064 	3930 	4368 	1770 	3860 	5225 	2800 	9800 	5415 	4960 	4470 	7066 	3263 	4130 	5395 
7100 	5140 	6210 	5200 	4180 	4345 	7000 	6600 	5500 	3580 	6500 	4820 	6890 	5220 	6688 	8674 	7858 	5000 	6650 	7940 	7980 	8340 	5110 	7400 	2100 	5100 	4790 	6476 	3950 	7860 	1200 	8120 	6025 	5180 	3300 	5400 	8800 	4760 	5500 	3384 	4440 	5820 	2760 	2880 	4200 	5750 	5900 	6210 	2100 	7235 	5947 	8375 	5553 	4755 	6559 	5360 	7120 	5600 	1180 	4685 	4539 	1423 	6470 	8040 	4943 	8320 	5660 	3067 	1176 	15930 	3806 	4869 	1160 	8350 	6245 	6927 	5220 	3054 	4589 	4424 	1716 	5004 	5080 	4800 	5070 	4471 	3675 	4578 	1860 	3560 	5200 	2780 	6910 	5570 	5300 	2310 	8504 	3992 	3415 	4895 
5410 	4010 	5320 	3800 	3350 	3550 	5150 	5300 	4600 	2460 	4360 	3100 	5390 	3700 	5578 	7242 	5472 	3248 	4750 	7740 	6460 	7080 	3825 	5300 	10500 	2900 	4055 	5808 	3300 	7000 	1560 	4480 	4070 	3680 	2740 	4840 	7450 	3710 	3880 	3996 	3690 	4470 	5040 	1440 	1680 	5150 	4300 	7280 	4500 	6375 	5580 	8749 	5391 	5109 	6127 	5380 	7280 	6400 	1237 	4234 	3470 	2051 	6820 	8020 	6332 	7670 	5100 	3089 	1424 	15320 	7147 	4270 	1271 	8150 	4975 	8007 	5245 	8803 	5000 	4494 	2178 	5132 	4400 	4715 	4320 	4908 	2850 	4242 	1920 	3910 	5155 	2740 	8520 	5545 	5060 	2950 	7966 	4662 	3485 	4255 
5800 	4440 	6160 	5010 	3780 	3685 	6700 	5300 	4350 	3060 	5600 	3200 	6790 	5180 	6518 	8520 	7584 	4694 	4100 	7820 	9300 	4160 	5105 	7300 	1800 	4750 	3665 	6748 	3100 	7644 	2520 	4860 	6280 	4800 	3200 	6120 	7900 	5130 	3860 	3724 	6420 	7740 	1680 	2640 	2280 	5950 	3320 	6560 	1800 	6315 	6087 	9561 	6427 	5728 	7487 	6000 	7990 	7200 	1917 	5278 	5358 	2489 	7720 	7855 	7244 	8660 	4140 	3447 	1052 	13420 	10894 	5436 	1501 	8600 	5195 	9417 	5245 	5423 	5820 	4602 	2115 	5304 	4560 	4455 	4640 	4429 	4100 	5222 	1930 	4070 	5125 	2660 	8820 	5630 	5300 	6155 	7918 	5263 	3780 	3910 
6110 	4230 	5230 	4420 	3490 	3735 	4850 	6400 	4000 	2600 	4820 	3400 	5810 	4360 	5658 	6980 	6048 	3390 	5700 	7820 	7145 	2460 	3985 	6300 	1500 	2250 	3125 	5628 	2900 	7056 	600 	4740 	4600 	4580 	2540 	4540 	7900 	4730 	4680 	3036 	4320 	4020 	1320 	2400 	3360 	4250 	3940 	6040 	4200 	5910 	5994 	8494 	6255 	4970 	7628 	5950 	7320 	7100 	2801 	4979 	5099 	2798 	6650 	7815 	6938 	8485 	5380 	3288 	714 	12255 	7433 	4747 	3713 	7700 	4685 	8240 	5365 	6870 	4346 	4717 	1546 	5184 	4420 	4350 	4310 	4457 	4135 	4888 	1980 	4080 	5115 	2580 	14570 	5775 	4700 	1965 	8392 	4947 	4065 	3895 
6870 	4160 	5770 	4810 	3520 	3905 	6000 	5300 	4300 	3740 	6340 	4320 	6130 	3920 	5614 	6596 	7120 	3568 	4900 	5380 	5355 	3440 	3265 	8100 	2400 	2500 	3365 	6008 	6000 	6600 	1560 	6880 	5660 	4400 	3200 	5000 	7050 	4390 	5500 	2988 	4680 	6480 	3000 	2640 	3480 	2950 	6160 	7370 	2700 	6330 	6363 	9022 	6336 	5290 	7603 	5960 	7610 	7000 	4019 	5333 	5979 	2464 	6990 	7730 	6021 	8160 	6560 	3432 	650 	8785 	7244 	4785 	6348 	7850 	4530 	7832 	5365 	6742 	5013 	4715 	1723 	5392 	4420 	4295 	4170 	4514 	4880 	4878 	2080 	4110 	5150 	2500 	10340 	5685 	5300 	2080 	7199 	3674 	3470 	3910 
6560 	4980 	6100 	4690 	3880 	4205 	5150 	5200 	4200 	3500 	5880 	4040 	6440 	4760 	6504 	8080 	6906 	3882 	3500 	7070 	5765 	3120 	3620 	4900 	8400 	5250 	4930 	6978 	6350 	6972 	3240 	4520 	4625 	4700 	2780 	5240 	7300 	6070 	4300 	3960 	5640 	4860 	3120 	3000 	1920 	2000 	6630 	6800 	8750 	6070 	5755 	9279 	6325 	5109 	7710 	6440 	7200 	7300 	6838 	5451 	6631 	2859 	6760 	7885 	5192 	7910 	3650 	3663 	432 	6380 	5851 	6045 	6193 	7300 	5085 	9263 	5365 	5128 	4624 	4658 	1959 	5808 	4640 	4120 	4080 	4377 	4180 	4830 	2010 	4300 	5120 	2440 	11100 	5675 	4900 	3640 	7466 	5567 	4425 	3300 
6120 	5130 	6090 	5390 	4430 	3770 	5850 	5600 	3750 	3000 	6320 	3600 	6660 	4600 	5504 	6778 	7234 	3558 	3350 	6970 	6305 	3240 	3425 	7500 	2100 	1500 	2905 	6194 	6200 	6984 	7440 	6620 	4665 	4800 	2600 	4780 	6150 	5510 	4480 	4692 	4440 	6390 	3000 	4320 	4200 	3400 	6210 	7100 	3000 	7675 	5499 	7773 	6226 	4063 	8102 	6190 	6730 	7600 	9351 	5224 	6163 	1472 	5170 	7900 	3104 	7725 	2970 	3158 	270 	4760 	5562 	4299 	7381 	5400 	4205 	6577 	5210 	4226 	4341 	4560 	2067 	5700 	4660 	3825 	4080 	4405 	4135 	4614 	2090 	4360 	5095 	2420 	8060 	5550 	5840 	2030 	6395 	3495 	4280 	3780 
6540 	4220 	5810 	4730 	3420 	3640 	5750 	5000 	4050 	2400 	5540 	3880 	6470 	4580 	5838 	7126 	6682 	3924 	3250 	4080 	4985 	3560 	3220 	5700 	4800 	4600 	4325 	6672 	3050 	5892 	480 	6300 	5040 	3620 	3020 	5060 	5050 	4240 	4720 	3492 	5400 	6030 	3000 	2880 	1200 	4150 	7040 	5670 	2100 	6280 	5027 	9039 	6085 	4551 	7534 	6550 	7340 	7600 	9149 	5790 	6653 	1475 	5190 	7065 	2261 	7555 	8360 	3344 	1902 	5730 	3855 	5452 	5998 	5650 	5160 	7633 	5210 	4409 	4950 	4509 	1897 	5160 	4260 	3845 	3690 	3922 	3645 	4800 	2120 	4560 	5085 	2420 	20360 	5015 	3800 	4845 	5390 	3412 	6335 	3830 
5810 	4520 	5470 	4770 	3750 	3995 	5300 	6800 	4200 	2440 	4440 	3140 	5860 	4300 	5970 	8284 	7900 	4576 	4900 	4930 	5055 	3260 	3310 	7000 	2700 	1750 	4820 	5768 	3250 	7284 	2640 	6040 	4340 	4420 	2280 	4780 	7150 	4160 	3660 	3096 	3840 	4530 	3960 	1800 	2400 	5400 	5020 	7420 	3600 	6130 	4182 	8667 	6158 	4493 	7737 	5780 	7000 	6700 	5508 	5079 	5648 	2576 	5380 	6210 	4164 	7685 	6240 	3277 	4664 	10810 	4398 	5253 	4770 	6750 	5105 	7229 	5190 	6376 	4906 	4573 	2037 	4712 	3860 	3885 	4480 	4534 	3730 	4780 	1930 	4500 	5090 	2460 	14680 	4800 	5240 	3165 	5384 	3694 	3345 	3505 
6300 	4390 	5780 	4690 	4010 	3825 	6100 	4900 	4300 	2540 	4800 	3340 	5910 	4920 	6152 	7786 	6582 	4014 	5550 	4820 	6145 	4780 	3600 	11000 	4800 	4650 	4725 	7158 	3050 	6174 	960 	5460 	4825 	4620 	2720 	5120 	7800 	4040 	5000 	3648 	5370 	6450 	2640 	1200 	4080 	7050 	7120 	4150 	2700 	7120 	4177 	9568 	7053 	5467 	8695 	5800 	8070 	6800 	4148 	4706 	4732 	1563 	6860 	7170 	5839 	7740 	4260 	3798 	2680 	12845 	6479 	4963 	5152 	6400 	5565 	6948 	5180 	7053 	4913 	4515 	2046 	4496 	3660 	3905 	4130 	4289 	4990 	4690 	1860 	4470 	5100 	2520 	12090 	4450 	3720 	2345 	6473 	4463 	3825 	3505 
6270 	4420 	5570 	4450 	3940 	3885 	4400 	8000 	4150 	2420 	5320 	3540 	6240 	3940 	6030 	7702 	7976 	4140 	4000 	6220 	6615 	6400 	3730 	7400 	3900 	4900 	4925 	6086 	3550 	6730 	3120 	2860 	3955 	4340 	2680 	5320 	6900 	3780 	3940 	3288 	4980 	4530 	2280 	3360 	3360 	3150 	7270 	6800 	2700 	6380 	4452 	8323 	5779 	4906 	6885 	5720 	7470 	5900 	1897 	4140 	4429 	2035 	6680 	8030 	4695 	7455 	3740 	4180 	1464 	12865 	8766 	5308 	5065 	6150 	4845 	8045 	5180 	5713 	4234 	4590 	2105 	4264 	3640 	4075 	4040 	3952 	5055 	4360 	1920 	4490 	5115 	2520 	14820 	4860 	4300 	1185 	5500 	3546 	4920 	3440 
6900 	5620 	6660 	5400 	4330 	4265 	6850 	5100 	5050 	2800 	6000 	4800 	7160 	5640 	6730 	9572 	7358 	4192 	5100 	6360 	6935 	3880 	3895 	8900 	3300 	2400 	3610 	6438 	5450 	7452 	1200 	6120 	4515 	4880 	3060 	5140 	9700 	4200 	3900 	3660 	4050 	5130 	1920 	3840 	3600 	5150 	5050 	5490 	6300 	7465 	5167 	7841 	5147 	4324 	6080 	5730 	7160 	5000 	1329 	3721 	3916 	3185 	5530 	8150 	4046 	7850 	5980 	4932 	1860 	13515 	9058 	4321 	2471 	6750 	4755 	7717 	5245 	4992 	3956 	4594 	1886 	4536 	3880 	4260 	4710 	4153 	7530 	4710 	1700 	4200 	5120 	2520 	19780 	4965 	6620 	1380 	7228 	3040 	4340 	3065 
6310 	4510 	6030 	5590 	4160 	4265 	5450 	6500 	4600 	4360 	7040 	5400 	6450 	4800 	6366 	7466 	7494 	3988 	5300 	7630 	6550 	5080 	4040 	9300 	900 	3900 	5045 	6546 	2000 	7296 	960 	4720 	5415 	4420 	3040 	5160 	7600 	5170 	3720 	3576 	4290 	4380 	1800 	3240 	960 	5150 	7680 	6240 	3900 	6600 	5509 	9191 	5990 	5539 	6874 	5530 	6980 	5600 	1419 	4594 	4117 	1313 	7330 	8815 	3102 	6930 	6300 	2863 	1658 	13880 	6098 	4995 	617 	7200 	4790 	7885 	5245 	5181 	4599 	4533 	1784 	4720 	4140 	4105 	3060 	3463 	7420 	4576 	1510 	4110 	5120 	2500 	13910 	4930 	4840 	2225 	5847 	4623 	6600 	3085 
5330 	4520 	5600 	4360 	3520 	3365 	6450 	8100 	3950 	2880 	5320 	3680 	5340 	4120 	5864 	6922 	6406 	3748 	3450 	5130 	6560 	4760 	3900 	7900 	600 	1600 	1850 	5256 	3500 	7032 	480 	3180 	3135 	3980 	2440 	4480 	7850 	3200 	3640 	2880 	5160 	4410 	720 	1740 	4320 	3700 	2910 	6230 	4800 	6190 	5180 	8688 	4824 	4925 	5194 	5650 	6900 	5600 	1308 	4639 	4636 	1445 	6590 	9335 	5282 	6600 	4370 	3027 	976 	12960 	4468 	4458 	1063 	7350 	5130 	8437 	5305 	6028 	4220 	4637 	2001 	4560 	4480 	3995 	3880 	3707 	6445 	4634 	1420 	4150 	5125 	2480 	25040 	4990 	5560 	4300 	8325 	6025 	4460 	3240 
5700 	5120 	6870 	5370 	3710 	4515 	6950 	6700 	5000 	3340 	7240 	5860 	6750 	4940 	7614 	9002 	8642 	5328 	3850 	6960 	7260 	4460 	3945 	9400 	3300 	2350 	3685 	7364 	4800 	7440 	600 	5160 	5695 	4800 	3380 	6220 	9100 	3670 	4440 	3288 	4890 	5760 	1680 	8160 	1440 	3500 	4670 	7750 	4800 	9185 	4928 	9352 	6156 	5869 	6981 	6750 	7650 	7100 	2220 	4969 	4639 	2141 	7360 	9535 	6036 	7290 	4490 	3187 	1044 	12090 	7311 	5079 	1082 	7750 	5095 	9355 	5195 	4644 	4628 	4733 	2280 	4748 	4940 	4040 	5210 	3803 	6325 	3832 	1540 	4360 	5125 	2440 	10400 	4835 	7340 	5080 	6666 	4321 	5925 	2930 
6680 	4090 	5190 	4660 	3650 	3680 	3900 	6100 	3350 	2780 	5840 	4000 	6420 	4540 	5674 	7678 	6854 	3990 	4550 	5350 	6030 	7580 	2845 	10200 	5100 	4750 	3800 	6678 	3400 	7648 	120 	6020 	4930 	4520 	2500 	4060 	5200 	3890 	4400 	3612 	4740 	5850 	3720 	1560 	4200 	3200 	5600 	7090 	4200 	8065 	4881 	8694 	6240 	5708 	7281 	6370 	7600 	7000 	2875 	4764 	5033 	1510 	7440 	9725 	5852 	7625 	7600 	3251 	694 	9510 	6724 	4742 	4264 	6800 	4565 	6512 	5235 	5472 	4359 	4508 	2313 	5228 	4300 	3715 	4480 	3655 	6535 	4360 	1570 	4120 	5150 	2420 	7710 	4905 	6240 	6650 	8718 	3303 	5315 	2900 
5510 	4000 	5060 	4450 	3460 	3405 	4450 	5000 	4000 	3120 	5660 	4380 	5670 	4100 	4928 	6358 	5966 	3046 	4650 	6290 	5130 	5740 	2915 	10100 	1200 	3000 	4330 	5758 	4800 	7644 	2640 	3340 	3545 	3740 	2540 	4560 	6050 	2910 	4380 	3456 	5460 	4320 	1560 	2160 	3000 	3550 	4590 	5560 	2400 	6285 	5284 	8391 	6238 	5727 	7314 	6500 	7460 	6600 	4532 	5011 	5431 	1810 	7600 	9335 	6381 	7755 	6920 	3416 	466 	8130 	6065 	5032 	5962 	6650 	4655 	6326 	5350 	5709 	4454 	4415 	2341 	5384 	4220 	3540 	2950 	3793 	5795 	3616 	1460 	4240 	5120 	2400 	9090 	5160 	7200 	3910 	8614 	3919 	4800 	2375 
6690 	4740 	6690 	4980 	3770 	4080 	5350 	6400 	5150 	2420 	5180 	4080 	6490 	4940 	6424 	8728 	7560 	4478 	4900 	4630 	5580 	1780 	2940 	8700 	3600 	2950 	4290 	6878 	6300 	6840 	720 	6580 	3830 	4620 	3060 	4740 	8700 	4450 	4800 	3444 	5880 	6060 	2520 	2280 	2040 	3250 	4770 	6230 	3600 	7640 	4768 	7608 	6294 	5271 	7671 	7050 	6920 	7200 	6972 	5268 	6100 	1377 	6770 	9300 	5784 	6915 	3200 	3384 	284 	6625 	5462 	5774 	5921 	6600 	4165 	7742 	5310 	6440 	4636 	4633 	2204 	4976 	4420 	3905 	2920 	3675 	4970 	3224 	1590 	4280 	5130 	2380 	3280 	5140 	4500 	5330 	8045 	3041 	4490 	2875 
5870 	4360 	5560 	4590 	4140 	3575 	5050 	4500 	3700 	3260 	6600 	4780 	5690 	4660 	5750 	7140 	7168 	4082 	3800 	5130 	4760 	1480 	3085 	7500 	4800 	4000 	3410 	6084 	5800 	6252 	600 	7220 	6220 	4840 	2560 	4500 	7400 	3900 	4640 	3624 	3750 	4380 	3960 	5400 	3840 	5850 	4170 	5460 	5100 	5565 	4259 	6495 	5798 	4447 	7251 	6570 	6800 	7200 	9719 	5312 	6499 	1025 	5650 	8630 	4985 	6145 	2280 	3250 	216 	4920 	4256 	4454 	5118 	5700 	3650 	7741 	5245 	3929 	4075 	4680 	1987 	5132 	3900 	3825 	2420 	3735 	4725 	3934 	1530 	4300 	5135 	2400 	14500 	4090 	3360 	2240 	6616 	3017 	4015 	3575 
7140 	3920 	5900 	4580 	3470 	3335 	4250 	4400 	2950 	3080 	6480 	4180 	6220 	4180 	5844 	6996 	6196 	3274 	3050 	3620 	4295 	4600 	2640 	7300 	900 	4050 	3240 	5802 	4700 	6468 	840 	5700 	3855 	4760 	2860 	4540 	7100 	4550 	4200 	4116 	5160 	4350 	1440 	360 	3480 	2350 	1630 	4460 	2400 	5710 	3996 	8318 	6316 	4759 	7910 	6710 	7120 	7200 	10031 	5723 	6716 	834 	5540 	7785 	3179 	5985 	5440 	3520 	1390 	4650 	3728 	5315 	5912 	6050 	5560 	7608 	5345 	5522 	4514 	4687 	1097 	5100 	3920 	3675 	2660 	3618 	3050 	3610 	1590 	4170 	5075 	2460 	26920 	3450 	4100 	3220 	8676 	4375 	5055 	3725 
6680 	4610 	5610 	4290 	3730 	3795 	5150 	6400 	4450 	2860 	5860 	4060 	6060 	3960 	5854 	7316 	7302 	3894 	4250 	3980 	4940 	5440 	3435 	10700 	2400 	3700 	3595 	6190 	5200 	6492 	1320 	4180 	4170 	3940 	3320 	4440 	7600 	3660 	4160 	3336 	5190 	6810 	3120 	4560 	3360 	5700 	4610 	7840 	7800 	6785 	3753 	8422 	6805 	5336 	8434 	5570 	6790 	6200 	5663 	4580 	4880 	1190 	6380 	6465 	3799 	6100 	5450 	4940 	5120 	10085 	6193 	4680 	5318 	6600 	5445 	7909 	5375 	4125 	4744 	4699 	1558 	5188 	3600 	4040 	2810 	3515 	2660 	4122 	1600 	4200 	5015 	2560 	26180 	3020 	4260 	1640 	5990 	4405 	3760 	3600 
6520 	4590 	5420 	4840 	3590 	3545 	4800 	4500 	3600 	3080 	6620 	4620 	6220 	4380 	6080 	7684 	6780 	3582 	5500 	3120 	4505 	5260 	2815 	10600 	4500 	2800 	2840 	5798 	3000 	5688 	2160 	5020 	5140 	4240 	2920 	4240 	7050 	4200 	4420 	3218 	4440 	5760 	4080 	3480 	1800 	4850 	3130 	5110 	4200 	7220 	4010 	8813 	6791 	5593 	8334 	5610 	7850 	6500 	4418 	5015 	5206 	1101 	7390 	7065 	3522 	5955 	4340 	2950 	3868 	13960 	8603 	5663 	5625 	6200 	5380 	9526 	5375 	5523 	3930 	4850 	1782 	5012 	3800 	3870 	2650 	3872 	2370 	4498 	1640 	4230 	5050 	2640 	35940 	2900 	4820 	645 	7192 	3795 	4820 	3695 
6020 	4140 	5300 	5100 	3970 	3900 	4200 	5200 	4000 	2680 	5560 	4320 	6610 	4480 	5876 	7614 	7132 	3916 	3550 	4310 	4545 	5060 	3035 	11100 	3000 	1100 	4410 	6178 	5500 	6960 	1200 	5360 	3390 	3600 	2560 	4780 	7550 	5400 	4360 	3120 	4200 	5730 	1560 	7200 	2520 	3500 	3990 	6420 	4200 	6205 	4591 	7599 	5787 	5128 	6899 	5430 	7190 	5800 	2169 	4282 	4421 	1146 	6580 	7685 	2973 	5800 	2690 	3308 	1928 	14495 	11808 	5320 	5037 	5650 	4815 	10440 	5375 	5219 	4105 	4870 	1718 	4948 	3720 	4120 	2610 	3455 	2400 	4212 	1610 	4320 	5045 	2680 	18990 	3270 	5280 	265 	6111 	3122 	3515 	3245 
6190 	5040 	7040 	6170 	4220 	4290 	6350 	6800 	5050 	3260 	5980 	4800 	7750 	5860 	6848 	8730 	7446 	4210 	3800 	4250 	6065 	3460 	3570 	8000 	3600 	3900 	3650 	6776 	4400 	8112 	1800 	5640 	5185 	5540 	3560 	6240 	9200 	3800 	4260 	2892 	4110 	5520 	2040 	2520 	2760 	3500 	5750 	6630 	3600 	7410 	5072 	6893 	5375 	4233 	6637 	5910 	7080 	4900 	1468 	3834 	3897 	2471 	5400 	7495 	2918 	5905 	6550 	4693 	1306 	14340 	7563 	4278 	2966 	5350 	4165 	6821 	5375 	5024 	4082 	4765 	1395 	4772 	3580 	4170 	2590 	3778 	2345 	4520 	1740 	4050 	5050 	2680 	16870 	3430 	4160 	415 	5498 	1765 	5770 	3700 
6690 	5860 	7840 	5990 	5050 	4640 	5900 	5300 	4850 	3380 	6740 	4760 	8580 	4760 	7502 	9310 	8922 	4804 	4350 	5730 	6010 	6260 	2935 	9000 	4200 	1850 	2565 	7912 	4900 	7418 	1320 	4140 	4190 	5500 	3760 	6280 	7450 	4440 	3800 	3648 	3780 	4530 	4080 	3000 	2400 	3400 	5590 	6180 	2100 	8925 	4275 	8153 	5822 	5603 	6683 	5510 	7250 	5800 	1545 	4523 	4479 	1333 	7130 	8630 	1727 	5705 	7650 	2570 	1070 	13875 	4310 	4450 	767 	5150 	5040 	9817 	5375 	3354 	3951 	4842 	1251 	4728 	3880 	4325 	2770 	4025 	2070 	4078 	1650 	4160 	5095 	2640 	18410 	3100 	4340 	1370 	6829 	4254 	3655 	3350 
6330 	4240 	6640 	4950 	4090 	4010 	5350 	5200 	3900 	3480 	5980 	4780 	6430 	4440 	6734 	7218 	7076 	3816 	2600 	3630 	4665 	6140 	3115 	7300 	3600 	3800 	5240 	7452 	3600 	7572 	600 	4560 	3415 	4780 	3140 	4820 	5600 	3720 	3620 	2688 	4950 	4650 	4560 	2040 	2400 	2750 	3030 	8030 	3300 	7380 	4644 	7983 	5090 	5323 	5584 	5790 	6980 	6800 	1495 	3884 	4102 	1488 	6750 	9305 	2387 	5430 	3870 	2724 	782 	13135 	5360 	4630 	1124 	5150 	4450 	7209 	5390 	5042 	4207 	4959 	1381 	4904 	4140 	4005 	2680 	4146 	2055 	4068 	1720 	4410 	5095 	2580 	17870 	3065 	4680 	4910 	7014 	2256 	3640 	2670 
7620 	4230 	6090 	5310 	3630 	4025 	4800 	6500 	4300 	4680 	8940 	6260 	6980 	5020 	6440 	7800 	7630 	4060 	4750 	5680 	6280 	4380 	3540 	10400 	300 	4150 	4350 	6826 	3300 	8248 	1440 	5700 	5310 	3980 	2700 	4840 	8750 	3470 	4800 	3420 	5340 	4650 	1080 	2880 	3120 	3850 	6170 	6190 	4200 	8150 	5693 	8484 	5673 	5429 	6511 	6420 	7630 	7100 	2039 	3898 	4301 	2618 	6550 	9680 	4021 	6435 	4290 	3110 	1230 	13415 	8453 	5481 	1246 	5750 	4150 	9859 	5365 	4932 	4746 	4846 	1418 	4896 	4220 	4390 	2920 	4113 	2285 	5298 	1910 	4750 	5110 	2500 	14100 	3095 	3620 	5300 	6254 	2775 	3990 	2960 
5430 	4400 	5370 	4150 	3470 	3550 	4200 	4400 	3550 	3140 	5660 	4760 	6360 	4200 	5254 	6838 	6100 	3836 	3100 	3440 	5110 	5080 	2930 	9200 	3300 	2900 	3805 	5798 	4300 	6992 	840 	3900 	3810 	3560 	2400 	3620 	5750 	4130 	3640 	3408 	4230 	4230 	1200 	2160 	1800 	2950 	3260 	7110 	4500 	5825 	5505 	8019 	6133 	5459 	7263 	6020 	7730 	6900 	3044 	4846 	5606 	2139 	7130 	9520 	4959 	6025 	8530 	3068 	716 	9280 	5682 	4578 	4345 	5050 	4735 	8839 	5365 	6310 	4390 	4886 	1869 	4908 	3600 	4335 	3130 	4188 	2320 	4544 	1650 	4550 	5170 	2440 	8410 	3400 	4420 	6480 	5977 	3083 	4500 	2830 
5410 	4200 	5510 	5010 	3350 	3600 	4300 	5200 	3000 	2780 	5660 	4160 	6520 	5380 	5896 	7404 	6642 	3790 	3100 	3610 	4790 	4740 	3030 	11800 	4500 	3100 	4340 	6438 	4000 	7320 	1440 	5720 	5660 	4200 	2720 	4300 	5850 	3640 	4220 	3156 	5280 	5460 	3240 	3720 	3840 	4100 	7260 	5870 	2400 	5875 	5441 	7502 	6004 	5417 	7115 	5870 	7370 	6800 	4987 	4929 	5762 	1544 	6850 	9515 	4570 	5815 	6200 	3108 	456 	7075 	7343 	4934 	5440 	4550 	4490 	9008 	5325 	6446 	4387 	4748 	2001 	4852 	3780 	4360 	3680 	4148 	2225 	4448 	1750 	4530 	5195 	2380 	16370 	3795 	6000 	3990 	7492 	3377 	3190 	2825 
6030 	4640 	5990 	4820 	3740 	4140 	4500 	4500 	3200 	3220 	7020 	5000 	7090 	4640 	5724 	8088 	7222 	3488 	2550 	3390 	4245 	3800 	2570 	10400 	2100 	1850 	3370 	7096 	4500 	6744 	1560 	4320 	4315 	4200 	2840 	4580 	7150 	5300 	4220 	3828 	6540 	5850 	1440 	2760 	1560 	1900 	2970 	8270 	5700 	7935 	5245 	7324 	6632 	5532 	8115 	6210 	7130 	7200 	7399 	4955 	5998 	2335 	7060 	9510 	3866 	5160 	2260 	3393 	360 	5660 	5066 	5758 	4599 	4100 	4385 	9346 	5160 	6624 	4702 	4605 	2096 	4860 	4240 	4315 	2990 	4200 	2270 	4526 	1920 	4630 	5265 	2380 	13710 	3725 	4880 	2140 	6490 	3404 	6290 	2920 
5740 	4250 	5240 	4170 	3370 	3635 	4950 	5500 	3600 	2840 	6940 	4940 	6140 	3680 	6178 	7428 	6450 	3608 	3100 	2880 	3940 	5060 	2385 	8000 	3300 	3300 	4245 	5576 	2800 	6336 	1080 	3780 	3680 	3160 	2220 	4340 	6350 	3780 	4200 	2846 	3240 	6030 	1440 	3600 	1920 	2250 	5610 	4970 	5100 	6720 	4814 	7102 	5649 	3978 	7229 	6430 	7000 	7200 	10016 	5198 	6279 	875 	5050 	8285 	3429 	4985 	1600 	3271 	366 	4270 	3254 	4207 	4851 	2800 	3690 	6961 	5315 	5122 	4067 	4615 	2063 	4984 	4140 	4280 	2940 	4335 	2205 	4248 	1860 	4860 	5320 	2400 	10590 	3355 	3360 	800 	6480 	2412 	5365 	2930 
6520 	4490 	5880 	4980 	3320 	4140 	4600 	3900 	4050 	3120 	7380 	5900 	6710 	4280 	7158 	7262 	6802 	3816 	2900 	3540 	3580 	4260 	3070 	10900 	1800 	2900 	4350 	6544 	4400 	6252 	360 	4520 	4075 	4060 	2320 	5200 	6750 	3910 	4640 	3060 	6150 	4800 	1800 	3960 	2040 	2450 	5190 	4320 	3000 	7480 	4238 	8056 	6373 	4532 	8126 	6920 	6940 	7400 	10063 	5122 	5893 	948 	4260 	7190 	2118 	5585 	3580 	3093 	1800 	5085 	4107 	5009 	4447 	2900 	4945 	5459 	5310 	3241 	5110 	4722 	2096 	5104 	4420 	3990 	3520 	3946 	1990 	4142 	1800 	4850 	5345 	2440 	18680 	2970 	7340 	2710 	7075 	5702 	4310 	3385 
6080 	4660 	5620 	4670 	3750 	3860 	5400 	4000 	5200 	3460 	6280 	4700 	6680 	4240 	5950 	7562 	7472 	3778 	4450 	3820 	4500 	4540 	2915 	10800 	1500 	5900 	3025 	6946 	4300 	6720 	960 	7360 	4120 	4800 	2860 	4980 	7650 	3390 	4460 	2964 	4800 	5490 	2400 	4320 	3960 	3750 	2890 	6770 	4200 	7150 	4223 	8270 	6608 	5359 	8071 	5710 	7270 	6400 	6339 	4643 	4825 	1565 	6370 	6985 	2630 	5790 	5480 	3198 	5752 	11945 	3375 	3601 	4213 	3100 	5295 	7697 	5335 	4493 	5116 	4840 	2270 	5528 	4520 	3935 	3530 	4067 	1790 	4502 	1840 	4890 	5395 	2520 	12360 	3240 	2900 	1585 	7904 	3476 	3895 	3350 
5990 	4180 	5700 	4750 	3210 	3575 	4750 	4900 	4250 	4120 	7040 	5040 	6760 	4160 	6986 	7054 	6448 	4250 	2300 	3940 	3815 	2900 	3085 	9600 	3600 	2450 	3020 	6476 	3700 	7020 	1320 	4940 	4160 	4380 	2980 	4600 	5950 	4520 	3860 	2712 	6210 	6420 	2520 	2640 	2760 	2400 	4280 	5530 	3300 	6960 	4267 	9090 	7025 	5695 	8603 	5800 	7990 	6700 	5120 	4790 	4870 	885 	6840 	7795 	2742 	6190 	2990 	3323 	3106 	14335 	10135 	7061 	4158 	2800 	5525 	6341 	5335 	6892 	5411 	4929 	1789 	5128 	4300 	4430 	3450 	5029 	2380 	4460 	1750 	5060 	5430 	2580 	3300 	3415 	3920 	1345 	7351 	3947 	4045 	3485 
6750 	4660 	6120 	4770 	3870 	4070 	5550 	4400 	3950 	3380 	7540 	5820 	7390 	3960 	6730 	8552 	7000 	3776 	2900 	4660 	4970 	4500 	2705 	7700 	1500 	2700 	4250 	6210 	2500 	6900 	1080 	4300 	3280 	4100 	2840 	4860 	7050 	2970 	4020 	3468 	5940 	6180 	2160 	2880 	2640 	3350 	4650 	7170 	5600 	6180 	4631 	7572 	5953 	4656 	7372 	5690 	7090 	6200 	2384 	3951 	4088 	1670 	5560 	8460 	2739 	6300 	3260 	3707 	1346 	14105 	12551 	4985 	4101 	2500 	4745 	9732 	5340 	7220 	4745 	5038 	2162 	5044 	4240 	4640 	3720 	4682 	2285 	3930 	1900 	5010 	5450 	2580 	6510 	3655 	1800 	1870 	8265 	3963 	3910 	3140 
6770 	4890 	6590 	5900 	4270 	4525 	4800 	5100 	4700 	4100 	8280 	6420 	8050 	4940 	6998 	8612 	7348 	4468 	3100 	3480 	4795 	3540 	2980 	10900 	3300 	2850 	4085 	6848 	4000 	8090 	1680 	7000 	3805 	4940 	3000 	5340 	6900 	3250 	3940 	3132 	4595 	5580 	2160 	3960 	5040 	3050 	4400 	4720 	4800 	7850 	5193 	7592 	5423 	4268 	6678 	5880 	7390 	5000 	1425 	3824 	3882 	2455 	5610 	8400 	2242 	6340 	5490 	4889 	1478 	13755 	6876 	4797 	3429 	1950 	4830 	5830 	5340 	5559 	4415 	4905 	1843 	5108 	3900 	4945 	3680 	4801 	2385 	3670 	1630 	4970 	5460 	2540 	4220 	3785 	2780 	420 	5700 	1594 	5045 	2960 
6320 	4930 	6350 	5320 	4200 	4590 	5900 	6200 	4300 	3820 	7060 	5660 	8040 	4740 	7324 	8882 	8100 	4106 	3600 	4340 	5030 	3840 	3200 	8700 	3950 	3600 	5355 	7814 	3200 	7696 	1080 	5420 	4860 	4420 	3520 	5840 	8350 	5520 	3800 	3336 	5160 	5160 	3600 	6960 	3000 	3700 	5940 	6860 	4500 	7000 	5082 	8440 	5656 	5481 	6441 	5560 	7170 	5600 	1407 	4512 	4303 	506 	6170 	8385 	2688 	6610 	7520 	2688 	414 	12920 	3292 	4140 	335 	2400 	4825 	5425 	5335 	8925 	5326 	5039 	2074 	5192 	4920 	4800 	3320 	4918 	2450 	3192 	1650 	4970 	5500 	2500 	16510 	3665 	2180 	3600 	6236 	3252 	3245 	2850 
5960 	4370 	5870 	4550 	3790 	3955 	5800 	6800 	3250 	3740 	6780 	5160 	6210 	4660 	6708 	7400 	6048 	3678 	2450 	3700 	4035 	4080 	3300 	7900 	1200 	2100 	4165 	6588 	3100 	7872 	840 	5280 	4275 	3860 	2780 	5060 	6800 	5090 	3580 	3012 	3660 	3930 	2160 	2880 	3960 	3250 	7000 	8370 	2400 	7250 	4245 	8297 	5570 	5493 	6208 	5860 	6840 	6700 	1564 	4262 	4065 	1149 	6910 	8045 	4433 	6685 	4730 	2812 	402 	11650 	5217 	4318 	258 	2350 	4555 	5172 	5115 	5875 	5261 	5112 	2202 	5236 	4580 	4805 	3900 	4667 	2575 	3606 	1570 	4830 	5555 	2440 	3250 	4040 	2860 	8470 	6846 	2663 	3150 	2995 
6190 	4590 	5770 	5160 	3920 	4050 	4950 	4800 	3900 	3640 	7880 	5400 	6700 	4060 	6134 	7112 	6668 	3868 	3600 	4630 	4480 	3620 	2930 	11200 	2100 	3850 	4170 	6462 	1100 	8698 	840 	5260 	5445 	4000 	3140 	5380 	6600 	6190 	3700 	3132 	5880 	6330 	2160 	4920 	4320 	3700 	4880 	6930 	4800 	5780 	4650 	8867 	6222 	6019 	7068 	6510 	7680 	7000 	2274 	4617 	4861 	1241 	7410 	7860 	5659 	7450 	5710 	3138 	296 	10720 	6254 	5146 	914 	2800 	5150 	6848 	5335 	7666 	5414 	5203 	2490 	5264 	4840 	4560 	4720 	4813 	2065 	3926 	1430 	4810 	5580 	2380 	7990 	4010 	4440 	6105 	6427 	3132 	3620 	2695 
5250 	4300 	4850 	4080 	3480 	3400 	4000 	3700 	3450 	2700 	5760 	4000 	6180 	4360 	5070 	6108 	5876 	3432 	2750 	3230 	3945 	3820 	2685 	7500 	4500 	4000 	3540 	5264 	2300 	7298 	600 	4280 	4620 	3540 	2480 	4520 	6050 	3610 	4060 	2880 	5550 	5610 	2400 	2400 	2760 	2350 	4830 	5070 	1800 	5400 	4405 	8340 	6307 	5408 	7512 	6460 	7510 	6800 	2930 	5140 	6173 	1117 	6600 	7855 	5445 	7410 	7680 	3052 	904 	8600 	5981 	4802 	3492 	2500 	5050 	7767 	5255 	7029 	5002 	5181 	2089 	5368 	5200 	4500 	4080 	4643 	2275 	3760 	1490 	4720 	5590 	2320 	490 	4005 	4040 	9650 	7166 	4078 	4515 	2950 
5910 	4600 	6770 	5070 	3160 	3955 	4000 	5100 	3700 	2960 	8020 	5560 	7240 	4580 	6500 	7182 	6134 	3382 	2250 	4180 	4255 	4880 	2900 	8700 	3300 	3450 	4775 	6752 	5000 	7572 	1320 	4960 	4225 	4480 	2720 	4780 	7350 	4410 	3900 	3744 	3990 	5430 	2040 	6840 	3120 	2400 	5670 	6150 	5100 	7045 	4840 	8491 	6294 	5400 	7475 	6360 	7110 	6900 	4684 	4973 	5884 	1449 	6260 	7975 	6081 	7255 	4860 	3052 	1384 	7795 	4577 	5239 	4608 	2850 	5070 	8725 	5350 	7137 	5013 	5097 	2721 	5280 	4280 	4605 	4670 	5489 	2445 	3950 	1640 	4740 	5610 	2280 	5210 	4065 	3980 	7240 	7266 	3324 	5030 	2890 
6430 	4990 	6460 	4610 	4070 	4310 	4500 	5200 	3750 	3760 	7380 	5740 	6610 	3860 	6796 	8332 	6864 	4118 	1900 	3920 	4190 	2800 	3165 	6600 	900 	5450 	6285 	6704 	1800 	8604 	1320 	5420 	5320 	4760 	3040 	5040 	7350 	4970 	3920 	2544 	6210 	4650 	2280 	3720 	4800 	2400 	6690 	7220 	5100 	7420 	4173 	8274 	7149 	5145 	8992 	6530 	7310 	7100 	7802 	5222 	5856 	1759 	6650 	8315 	5192 	6460 	5920 	3345 	974 	6550 	4454 	5597 	5440 	2850 	5175 	9305 	4750 	4211 	5129 	4927 	2594 	5428 	4500 	4410 	4380 	4929 	2235 	3830 	1710 	4590 	5650 	2260 	4270 	5120 	4980 	9460 	4958 	3035 	6440 	3040 
5950 	4440 	5650 	4650 	3420 	3905 	3850 	4300 	3200 	3340 	7120 	5540 	6830 	4460 	6024 	6824 	6300 	3652 	4050 	4360 	3110 	3640 	1565 	6900 	5400 	6650 	3580 	6710 	4250 	7656 	2280 	5600 	3695 	4240 	2540 	4860 	6550 	5080 	3780 	3120 	3540 	4410 	1560 	3720 	1680 	3150 	6930 	4990 	3600 	6730 	4039 	7898 	6243 	3605 	8266 	6840 	7040 	7300 	10375 	5242 	5899 	758 	3730 	7155 	3426 	6035 	2260 	3026 	782 	4800 	3897 	3842 	5133 	2400 	4870 	9243 	5225 	7499 	4414 	4928 	2473 	5624 	4420 	4350 	4460 	4775 	2345 	3920 	1760 	4670 	5670 	2280 	2900 	5775 	3260 	7470 	5515 	3890 	4075 	2945 
5060 	4820 	6140 	5070 	3810 	4190 	4350 	5700 	3550 	2920 	7240 	4940 	7400 	4640 	6364 	7982 	7920 	3856 	1650 	2910 	4240 	4100 	3155 	8500 	1200 	3050 	3135 	7204 	2600 	7716 	1440 	6000 	4630 	4540 	2660 	5460 	6650 	4290 	3040 	3264 	5190 	7500 	1080 	2880 	2400 	2500 	3020 	8370 	4200 	8050 	3689 	8362 	6197 	4316 	7841 	7110 	7020 	7300 	9885 	4980 	5293 	914 	3770 	6630 	3187 	6745 	4400 	2905 	2338 	5900 	4905 	5140 	5417 	2800 	5160 	6033 	5295 	5713 	5216 	4755 	2572 	5544 	4520 	4595 	3660 	4661 	2200 	4002 	1950 	4770 	5690 	2360 	12960 	5670 	4420 	7020 	5328 	3696 	3995 	3650 
5400 	4330 	5450 	4670 	2950 	3945 	4100 	3200 	3700 	3240 	6760 	5600 	6550 	3660 	5840 	7812 	6784 	3334 	1350 	2910 	2970 		2170 	8700 	600 	3650 	4280 	6102 	2200 	7044 		4060 	5775 	3620 	2340 	4700 	5500 	4470 	3180 	2616 	5165 	5070 	1800 	2880 	3480 	3100 	6660 	4750 	3900 	5410 	3636 	8602 	6965 	4969 	8759 	5860 	7120 	6600 	6286 	4692 	4687 	1392 	5820 	7045 	4627 	6655 	5520 	3114 	7048 	14095 	3596 	5081 	5694 	2900 	5425 	5209 	5295 	6854 	4544 	4855 	2495 	5708 	4440 	4340 	3730 	4453 	1930 	4178 	1860 	5020 	5650 	2480 	30810 	5640 	5660 	8210 	6815 	2921 	4675 	3995 
																																																		3591 	9478 	7478 	5778 	9184 	5960 	7910 	6800 	4742 	4822 	4796 	1259 	6700 	7520 	5722 	7070 	4000 	3110 	2310 	15170 	7036 	5197 	5792 	3250 	5955 	5921 	5290 	6294 	5524 	4787 	2638 	5620 	3980 	4315 	4880 	4294 	1715 	3938 	1760 	4980 	5675 	2600 	17640 	5720 	4180 	7870 	7498 	4895 	2895 	3540 
																																																		3371 	8228 	6389 	4966 	7792 	5770 	7240 	5900 	2242 	4124 	3988 	1798 	5830 	8155 	4816 	7415 	3660 	3759 	1570 	14875 	11963 	4922 	5443 	3200 	5290 	4863 	5330 	6336 	4990 	4823 	2577 	5548 	3920 	4710 	4510 	4067 	2085 	3820 	1750 	5100 	5695 	2680 	19870 	5210 	3420 	2545 	6169 	5159 	4030 	3435 
																																																		4217 	8214 	6098 	4177 	7671 	5810 	7380 	4900 	1394 	4027 	4080 	2480 	5000 	8005 	3814 	7720 	5770 	4822 	1980 	15230 	8206 	4879 	5548 	3150 	5005 	5393 	5360 	6321 	4415 	4840 	2089 	5344 	4240 	4815 	3430 	4690 	2170 	3194 	1760 	4990 	5730 	2700 	34050 	5320 	3260 	895 	7090 	3082 	4820 	3345 
																																																		4406 	8673 	5639 	4713 	6531 	5580 	7030 	5500 	1517 	4365 	4048 	674 	4720 	8680 	4071 	7815 	6990 	2514 	440 	13685 	5713 	3810 	2326 	3250 	4990 	5526 	5370 	7279 	4674 	4867 	2221 	5436 	4220 	4750 	4040 	4486 	2415 	3682 	1830 	4550 	5715 	2680 	17030 	5650 	2720 	1880 	7076 	4053 	9435 	3005 
																																																		3821 	9014 	5842 	5065 	6622 	5750 	7150 	6300 	1441 	4334 	4174 	1737 	5630 	9050 	5369 	7260 	4220 	2657 	1026 	12780 	5466 	4267 	1348 	3250 	5070 	6227 	5370 	7283 	5086 	4950 	2679 	5628 	4560 	4610 	4180 	4871 	2295 	3920 	2000 	4280 	5600 	2620 	13170 	5435 	2000 	2005 	7238 	5936 	3840 	2760 
																																																		3903 	9653 	6842 	5759 	7870 	6440 	7480 	7100 	2326 	4930 	5353 	1923 	6650 	9190 	7088 	7925 	4360 	3067 	866 	11510 	5896 	5298 	1171 	3650 	5800 	7539 	5360 	8945 	4788 	4994 	2615 	5680 	5300 	4650 	4390 	5244 	1820 	4442 	1970 	4620 	5610 	2540 	24420 	5580 	4200 	6445 	9178 	5444 	5530 	2890 
																																																		3821 	8821 	6360 	5606 	7251 	6260 	7540 	6700 	3085 	5053 	5913 	1967 	6130 	9180 	6539 	7825 	6880 	3036 	878 	9915 	4409 	4221 	5367 	3750 	4965 	7600 	5360 	6500 	4643 	4939 	2591 	6172 	4760 	4365 	4170 	5067 	1975 	4168 	1860 	4530 	5610 	2480 	13000 	5345 	3920 	6355 	8179 	3768 	3925 	2745 
																																																		4248 	8702 	6762 	6010 	7780 	6250 	7270 	6700 	5052 	5031 	6196 	1501 	6900 	9220 	6319 	7805 	5360 	3016 	724 	8740 	3603 	5100 	5919 	4000 	5200 	6746 	5365 	8601 	4907 	4894 	2532 	6396 	4960 	4330 	4370 	5340 	1735 	4202 	1830 	4610 	5605 	2460 	8940 	5555 	3820 	7285 	7959 	3582 	5630 	3180 
																																																		3767 	8971 	7429 	5718 	9028 	6660 	7360 	7100 	7734 	5342 	6471 	1784 	7260 	9225 	5831 	7530 	3920 	3277 	836 	7870 	3927 	6175 	5815 	3800 	5180 	7434 	5360 	4886 	4136 	4685 	2766 	6520 	4960 	4475 	4230 	5135 	1565 	4258 	1770 	4560 	5655 	2480 	10630 	5155 	3920 	5570 	5807 	3120 	6300 	3365 
																																																		3381 	7511 	6030 	3526 	7892 	6820 	6690 	7300 	10268 	5191 	5950 	1576 	3860 	7825 	4175 	7015 	2800 	2809 	542 	6650 	2018 	3789 	6430 	3200 	4605 	6007 	5360 	6093 	4193 	4677 	2837 	6684 	4780 	4115 	4040 	4749 	2050 	3934 	1730 	4690 	5735 	2520 	4670 	5120 	2840 	3890 	10109 	6744 	5505 	3660 
																																																		3289 	9029 	7201 	4844 	9021 	7090 	7290 	7300 	10032 	4852 	5962 	1547 	4840 	7250 	3174 	6575 	4670 	2944 	1550 	5285 	2497 	4981 	5795 	3950 	5125 	6550 	5365 	4602 	4519 	4765 	2811 	6512 	4380 	4475 	4770 	4643 	1930 	3922 	1770 	4660 	5750 	2640 	11220 	4740 	3480 	645 	5454 	5020 	6165 	3890 
																																																		3254 	9058 	7121 	5556 	8559 	6030 	7130 	6200 	6533 	4676 	5203 	1414 	6180 	7195 	4801 	6640 	3470 	3010 	7004 	13195 	5327 	5096 	5527 	3350 	5150 	6358 	5385 	4138 	5147 	4823 	3063 	6428 	4800 	4035 	4260 	4513 	1425 	4212 	1670 	4660 	5750 	2800 	38050 	4735 	5140 	980 	6427 	4516 	3770 	3685 
																																																		3022 	9569 	7294 	5672 	8738 	6190 	7380 	6500 	4869 	4689 	4896 	2006 	6550 	7745 	4206 	7075 	4400 	3128 	1936 	13390 	9251 	4856 	5550 	3950 	5530 	7014 	5295 	7055 	5229 	4951 	2797 	6272 	4900 	3845 	3750 	5592 	1795 	4470 	1610 	4710 	5790 	2960 	19510 	4590 	3000 	2545 	9501 	4618 	5270 	4150 
																																																		3693 	8627 	6787 	5529 	8052 	5980 	7220 	5800 	2379 	3809 	4085 	1389 	6480 	8295 	5263 	6405 	4470 	3868 	1720 	13490 	13317 	5256 	4890 	3600 	5170 	6200 	5420 	7296 	4620 	4979 	2605 	5512 	4080 	4565 	3220 	5420 	1815 	4498 	1620 	4610 	5795 	3120 	21640 	4795 	3120 	275 	5618 	5285 	4940 	3930 
																																																		3983 	8051 	6191 	4934 	7354 	5830 	7100 	4700 	1370 	4054 	4183 	4363 	5840 	8345 	4528 	6720 	5480 	4496 	1548 	13445 	10487 	4852 	5658 	3350 	4755 	4706 	5470 	6552 	4208 	4999 	2615 	5536 	4320 	4400 	4300 	5565 	1985 	4042 	1700 	4380 	5765 	3200 	25630 	4710 	2780 	505 	5708 	3585 	6090 	3675 
																																																		4186 	9472 	6376 	5485 	7182 	5620 	7260 	5500 	1505 	4410 	3978 	1273 	6160 	7420 	5326 	6385 	5790 	2501 	1296 	13070 	4710 	3244 	2155 	3850 	5235 	6812 	5475 	6466 	4820 	4896 	2282 	5648 	3700 	4465 	3590 	5715 	2250 	4300 	1620 	4440 	5780 	3100 	15370 	4695 	2140 	315 	7365 	4397 	5585 	3380 
																																																		3724 	9051 	5809 	5348 	6320 	5690 	6930 	6500 	1512 	4210 	4371 	1433 	6060 	7335 	5886 	6085 	3440 	2664 	1200 	12480 	6599 	4610 	1158 	3950 	4915 	6508 	5500 	7145 	4350 	4818 	2808 	5792 	3620 	4495 	3410 	5235 	2445 	4522 	1650 	4330 	5785 	2900 	9840 	4845 	2640 	5480 	6285 	5843 	5685 	3195 
																																																		4528 	9835 	6559 	5569 	7354 	6500 	7940 	6800 	2271 	4566 	5325 	2693 	6540 	7395 	7352 	6475 	4010 	3042 	840 	11550 	6537 	5529 	1817 	4200 	5060 	8894 	5500 	7785 	5272 	4837 	2860 	5868 	4020 	4480 	3730 	5436 	2320 	4810 	1690 	4320 	5780 	2780 	2740 	4960 	3720 	4210 	7027 	3674 	5225 	2985 
																																																		4815 	9612 	6658 	5770 	7520 	6200 	7390 	6600 	3198 	4907 	5928 	1867 	6510 	7110 	7239 	6555 	7310 	2847 	556 	10725 	7362 	4483 	5418 	4150 	4960 	7386 	5490 	8445 	4727 	4810 	991 	5980 	4280 	4435 	3570 	5567 	2170 	4742 	1690 	4420 	5785 	2680 	800 	5440 	2860 	6030 	6052 	4451 	6370 	2555 
																																																		5610 	9545 	6850 	5806 	7855 	6250 	7710 	6300 	4580 	5022 	5800 	2272 	6720 	7355 	6808 	6500 	6370 	3069 	516 	9130 	2150 	5161 	6243 	4050 	5065 	9757 	5495 	4840 	4916 	4740 	3377 	5672 	4920 	4360 	4250 	5459 	2290 	4780 	1600 	4540 	5775 	2700 	6560 	5675 	3220 	3510 	6957 	4682 	5965 	2830 
																																																		5176 	9156 	7306 	5130 	8997 	6970 	7470 	6700 	7589 	5215 	6568 	2100 	6120 	7525 	6749 	5790 	2380 	3173 	554 	7885 	1937 	5270 	6495 	3350 	5080 	7147 	5515 	5487 	4440 	4746 	3410 	5496 	4460 	4225 	3780 	5720 	1990 	4618 	1750 	4460 	5780 	2760 	3590 	5820 	2680 	1570 	6828 	4596 	5820 	2595 
																																																		4534 	7418 	5922 	3174 	7685 	6950 	6980 	7200 	9926 	4934 	6115 	2222 	2750 	6590 	5209 	5195 	2560 	2790 	326 	6415 	2772 	3142 	6289 	3150 	4760 	6454 	5465 	7006 	4544 	4748 	3110 	5728 	4540 	4110 	3630 	5941 	2260 	4308 	1940 	4740 	5785 	2800 	8410 	5630 	3040 	1930 	7070 	4742 	5430 	2940 
																																																		4037 	9144 	7165 	4969 	8709 	7240 	7440 	7200 	9540 	5198 	6202 	1947 	5400 	6685 	3361 	5680 	5290 	2994 	914 	5540 	5330 	3437 	6220 	3150 	5135 	7023 	5455 	4518 	5056 	4797 	3087 	5596 	3880 	4615 	4470 	5531 	2040 	4418 	1990 	4830 	5760 	2840 	11550 	5010 	3440 	865 	5781 	6388 	5160 	3185 
																																																		3784 	8482 	6894 	4947 	8371 	6050 	7520 	5900 	6298 	4735 	5340 	1590 	5760 	6700 	5903 	5745 	4090 	2860 	5134 	9350 	5593 	5194 	5437 	3550 	5295 	5610 	5500 	6392 	4818 	4762 	3085 	5444 	3800 	4505 	4510 	5883 	2130 	4720 	1980 	4790 	5765 	2780 	2040 	4745 	4440 	300 	6778 	4576 	3960 	3090 
																																																		4015 	9200 	6931 	4910 	8386 	6190 	7950 	6100 	3993 	4682 	4983 	2151 	6180 	7415 	6139 	6010 	4890 	3105 	4126 	12645 	6539 	4687 	5735 	3300 	5700 	5767 	5460 	7350 	5325 	4908 	3292 	5072 	3580 	4585 	4880 	5568 	2145 	4548 	1610 	5020 	5780 	2620 	6090 	4540 	3780 	295 	6749 	4125 	6160 	2615 
																																																		4237 	8162 	6524 	4706 	7916 	6050 	7580 	5500 	2149 	4172 	4410 	2255 	5350 	7550 	5919 	5705 	4140 	3751 	1280 	11985 	11618 	5626 	5520 	3250 	5310 	5116 	5545 	5398 	4373 	4934 	2705 	5012 	3300 	4700 	4920 	5610 	2490 	4058 	1700 	5120 	5790 	2540 	8430 	4495 	2640 	2445 	6194 	6502 	4340 	2785 
																																																		4365 	7361 	5502 	3532 	6872 	5990 	7140 	4700 	1357 	4038 	4531 	3236 	4530 	7040 	4225 	6310 	7620 	4349 	1228 	10055 	12152 	3955 	4078 	3250 	4865 	5216 	5625 	5672 	4671 	4898 	2452 	5112 	3760 	4500 	4970 	6577 	2720 	4162 	1720 	4090 	5805 	2340 	280 	4670 	2560 	5825 	6120 	4576 	4130 	2695 
																																																		4682 	9509 	5954 	3489 	7492 	5730 	7660 	5400 	1442 	4463 	4630 	1135 	3350 	7335 	5726 	6870 	5600 	2560 	1568 	10295 	2937 	5836 	2021 	3500 	5205 	5133 	5715 	5589 	4884 	5022 	2627 	5176 	5300 	4625 	4720 	5638 	2545 		1780 	4320 	5785 	2340 	3370 	4685 	2520 	3115 	7676 	4424 	3660 	3015 
																																																		4830 	8688 	5687 	4554 	6515 	5920 	7230 	6400 	1703 	4283 	4416 	1662 	4880 	7155 	6352 	6260 	3650 	2630 	1914 	10280 	4337 	4194 	1378 	3250 	5335 	4428 	5715 	9129 	4983 	5022 	2735 	5120 	5020 	4560 	4680 	5659 	1975 		1780 	4660 	5735 	2340 	250 	4765 	1480 	5245 	5996 	3589 	4255 	3185 
																																																		5608 	9761 	6790 	5382 	7875 	6350 	8230 	7500 	2098 	4962 	5290 	2796 	6170 	6805 	6963 	7210 	4540 	2882 	1994 	9420 	6644 	5172 	1976 	3000 	5595 	5525 	5715 	8196 	5483 	5020 	3127 	5028 	4960 	4850 	4750 	5820 	2035 		1790 	4940 	5720 	2280 	420 	5095 	2260 	4925 	9852 	5468 	4315 	3050 
																																																		5077 	8840 	6362 	4780 	7487 	6190 	7310 	6900 	2945 	4969 	5998 	2240 	5090 	6855 	7301 	7090 	7090 	2865 	2074 	9575 	6252 	4435 	5123 	3650 	5055 	5819 	5710 	3325 	4817 	4961 	3257 	5196 	5320 	5035 	4640 	6050 	2155 		1900 	4670 	5705 	2260 	1780 	5100 	1880 	5730 	8619 	6467 	4310 	2970 
																																																		5400 	8995 	7030 	5589 	8196 	6080 	7640 	6400 	4759 	5215 	6153 	1792 	6250 	6785 	5890 	7055 	6320 	3081 	1262 	8090 	3870 	5286 	6299 	3700 	5310 	6056 	5715 	6462 	4893 	5043 	3394 	5776 	4960 	5005 	4670 	5912 	2205 		1620 	4690 	5715 	2260 	1030 	4920 	1920 	2015 	7143 	5797 	6260 	3295 
																																																		5524 	9093 	7118 	5311 	8533 	6710 	7240 	6700 	7339 	5417 	6359 	2082 	6270 	6520 	8032 	6535 	3270 	3183 	1032 	5855 	3051 	5155 	6162 	3100 	5160 	8117 	5715 	5894 	4734 	4831 	3330 	6680 	5000 	5060 	4010 	6311 	2125 		1640 	4730 	5695 	2280 	600 	4765 	4080 	4740 	6790 	4088 	6300 	3680 
																																																		4732 	7498 	6668 	3572 	8688 	6780 	6550 	7100 	10624 	4764 	5826 	2286 	3460 	5650 	3918 	6320 	2750 	2981 	856 	4445 	2228 	2676 	6849 	3050 	4885 	4960 	5670 	6423 	4856 	4783 	3762 	6464 	5060 	5145 	4250 	6306 	2505 		1910 	5090 	5740 	2360 	3480 	4510 	5480 	4635 	8950 	5544 	4285 	3715 
																																																		4210 	9278 	7256 	4696 	8893 	7120 	6940 	7100 	10606 	5326 	6184 	1370 	5300 	5595 	2062 	6010 	6630 	2939 	1116 	3555 	3223 	4716 	5273 	2950 	5620 	5382 	5660 	4758 	4907 	4752 	3002 	5268 	4960 	5195 	3850 	6651 	2065 		1930 	4840 	5820 	2480 	27250 	5020 	7060 	6330 	6634 	6221 	3615 	3785 
																																																		3394 	8806 	6779 	4687 	8222 	6010 	6870 	4000 	6686 	4545 	4989 	2261 	5420 	5780 	5952 	6165 	3080 	2727 	7722 	12870 	3013 	4444 	5053 	3200 	5230 	4043 	5695 	5941 	5166 	4810 	3148 	5568 	4840 	4265 	4800 	7047 	1865 		2050 	4980 	5825 	2560 	27820 	4870 	7580 	4135 	8215 	5375 	2925 	3655 
																																																		3721 	9983 	7340 	5433 	8653 	6020 	8000 	6300 	4913 	4797 	5126 	1856 	6250 	6335 	5050 	6985 	4180 	3110 	3304 	14750 	4481 	4818 	5140 	3400 	5450 	6155 	5695 	5767 	5552 	4834 	2388 	5492 	4820 	4155 	4110 	6525 	1475 		1870 	5110 	5825 	2700 	36050 	4855 	5120 	5765 	6742 	6026 	3340 	3725 
																																																		3999 	8039 	6061 	3872 	7411 	5890 	7360 	5400 	2070 	4259 	4668 	1869 	4380 	6580 	5420 	6760 	4410 	3674 	1292 	13615 	9028 	4986 	4540 	3600 	5215 	6226 	5545 	6386 	5027 	4809 	1895 	5520 	4740 	4525 	4140 	6128 	1375 		1880 	5050 	5840 	2780 	31270 	4875 	4040 	2135 	6788 	5702 	4865 	3545 
																																																		4790 	6844 	5084 	2829 	6457 	5960 	6940 	4600 	1565 	4117 	4174 	3634 	3690 	6415 	4281 	7220 	5490 	4812 	1700 	13705 	14435 	3434 	5452 	3550 	4865 	3912 	5535 	7891 	5223 	4734 	1808 	5732 	4960 	4460 	4220 	6566 	1840 		1930 	5210 	5910 	2760 	31920 	4775 	2940 	5080 	6389 	3577 	3380 	3440 
																																																		5135 	8857 	5472 	3738 	6401 	5690 	7260 	5400 	1599 	4469 	4215 	1617 	4350 	6590 	3243 	6995 	6020 	2473 	2240 	13940 	8110 	3837 	2269 	3400 	5065 	6016 	5535 	8320 	4780 	4925 	2544 	5948 	4500 	4225 	3880 	7877 	2140 		1920 	5040 	5950 	2700 	2750 	5040 	3120 	6350 	6897 	4305 	3895 	3575 
																																																		4383 	8688 	5273 	3393 	6261 	5620 	6940 	6000 	1725 	4203 	4284 	2611 	4110 	6520 	6012 	6475 	3270 	2196 	1902 	11900 	3455 	4116 	1585 	3400 	5265 	5425 	5535 	6959 	5029 	4949 	2884 	6564 	4740 	4205 	3870 	7480 	2495 		2150 	4740 	5995 	2530 	35970 	5110 	3720 	3420 	6575 	6856 	4585 	3570 
																																																		5164 	8104 	5913 	3713 	7220 	5980 	7620 	7200 	2337 	5034 	5342 	3035 	4360 	6515 	5733 	7225 	3930 	2606 	1094 	9000 	5868 	4850 	1897 	3550 	5060 	6525 	5670 	8702 	5624 	4946 	3136 	6792 	4860 	4345 	4290 	7266 	2725 		2020 	4430 	6015 	2500 	39520 	5445 	3320 	5480 	8995 	6188 	3720 	3355 
																																																		5137 	8509 	6350 	4351 	7617 	6320 	7450 	6800 	3355 	4883 	5109 	2866 	4600 	6585 	5961 	7325 	7400 	2836 	598 	7340 	5633 	4532 	5264 	2850 	5065 	6826 	5680 	6859 	4910 	4849 	3051 	6844 	4560 	4390 	3860 	7496 	2670 		1960 	4400 	6045 	2500 	37350 	5145 	3620 	6470 	6638 	3372 	3535 	3500 
																																																		5691 	8680 	6652 	4691 	7922 	6340 	7460 	6400 	5165 	5362 	6026 	3286 	5180 	6725 	6452 	7515 	7350 	2879 	690 	6425 	4391 	4721 	5678 	2650 	4920 	7280 	5780 	6724 	5165 	4600 	3144 	6712 	4360 	4535 	3440 	8266 	2850 		1840 	4670 	6090 	2580 	23350 	5230 	5080 	6475 	7636 	6838 	4845 	3275 
																																																		5166 	8210 	7156 	4279 	8934 	6670 	6970 	7100 	7779 	5045 	5835 	2960 	4850 	6705 	7714 	6925 	2270 	2877 	470 	5535 	2821 	4590 	5548 	2750 	4620 	6973 	5845 	6485 	5015 	4699 	3264 	6472 	4280 	4555 	3280 	7982 	2660 		2140 	4840 	6100 	2640 	1620 	5350 	2300 	5065 	5634 	5175 	3875 	3395 
																																																		4850 	7177 	6472 	3178 	8395 	6790 	6880 	7500 	10432 	5006 	5835 	2394 	3600 	5755 	2531 	7165 	2360 	2910 	486 	4050 	2641 	3979 	5328 	3150 	4540 	5951 	5840 	4949 	4853 	4684 	3136 	6680 	4620 	4490 	3600 	7802 	2935 		2090 	4700 	6130 	2680 	16710 	4820 	5280 	5970 	5823 	7304 	4685 	3485 
																																																		4349 	8892 	7196 	4254 	8945 	7120 	6980 	7400 	10296 	5382 	5876 	2093 	4170 	5830 	3158 	6895 	6870 	2825 	1110 	3485 	2131 	4989 	5506 	3450 	5095 	8385 	5840 	8325 	5162 	4793 	2790 	6836 	4300 	4480 	4700 	7139 	2480 		2180 	4760 	6100 	2700 	20160 	4415 	4300 	4315 	6141 	6509 	3225 	3390 
																																																		3686 	8523 	7767 	4519 	9738 	6120 	7060 	6400 	6708 	4565 	4757 	2630 	4730 	6215 	4922 	6400 	3460 	2680 	4802 	8090 	2945 	4327 	5963 	3650 	5135 	5751 	5840 	5912 	4889 	4786 	3420 	7064 	4300 	5195 	5380 	6614 	1815 		2280 	4970 	6085 	2700 	22250 	4450 	3980 	3465 	5083 	4133 	4935 	3415 
																																																		3508 	9794 	7697 	5296 	9224 	6160 	7780 	6600 	4936 	4825 	4920 	3078 	5720 	6075 	5114 	6685 	3880 	3070 	4300 	11380 	3823 	4401 	5421 	3600 	5345 	6522 	5845 	6931 	5053 	4741 	2983 	6884 	3780 	4985 	5800 	6676 	1630 		2100 	4770 	6040 	2680 	37230 	4190 	5040 	2450 	7062 	5570 	4780 	3470 
																																																		3660 	8177 	5818 	4106 	6923 	5840 	7130 	5600 	2062 	4290 	4176 	2517 	4620 	6245 	6970 	6955 	3040 	3317 	1656 	11355 	7312 	4556 	4673 	3650 	5120 	7002 	5845 	7743 	5483 	4710 	2856 	7100 	4120 	5140 	5160 	7224 	1810 		2010 	4810 	5970 	2620 	39440 	4100 	4700 	6300 	5698 	5899 	4085 	3200 
																																																		4375 	7587 	5298 	3064 	6573 	6260 	6890 	4800 	1564 	3934 	3886 	2952 	3780 	6380 	4855 	7550 	4540 	3963 	1354 	10530 	8824 	3413 	5835 	3750 	4635 	7791 	5845 	7473 	4543 	4616 	2705 	7452 	4340 	5115 	5710 	6687 	1870 		2260 	4880 	5995 	2560 	35110 	4280 	3160 	4035 	5207 	4509 	4545 	3210 
																																																		4300 	9386 	5877 	3868 	6963 	5650 	7260 	5400 	1561 	4178 	3987 	1527 	4040 	6500 	4380 	7645 	6800 	2355 	1282 	9285 	9801 	3451 	2480 	3350 	5125 	6086 	5855 	9653 	5408 	4603 	2339 	8064 	4540 	4940 	5110 	8555 	1955 		2010 	4490 	5980 	2500 	21410 	4285 	3720 	6935 	6521 	4541 	3580 	3090 
																																																		3593 	9381 	5969 	4175 	7038 	5730 	6920 	6600 	1660 	3949 	3750 	2012 	4440 	6980 	6814 	6710 	4060 	2450 	1870 	9350 	5129 	3941 	1745 	3700 	4965 	7813 	5995 	5000 	5170 	4567 	2676 	9212 	4440 	4860 	4770 	8704 	1390 		2160 	4280 	5955 	2460 	15760 	4205 	2720 	2005 	7167 	3944 	4255 	3045 
																																																		4313 	10178 	7111 	4783 	8564 	6250 	7610 	7200 	2223 	4493 	4591 	3199 	5060 	7405 	8371 	7470 	5620 	2737 	1148 	8300 	6377 	4706 	2532 	4600 	5415 	9933 	5995 	10159 	5549 	4608 	3158 	10364 	4760 	5155 	4160 	8746 	1960 		2160 	4370 	5955 	2440 	34310 	4335 	3720 	620 	8060 	5496 	4090 	3050 
																																																		3891 	9533 	7034 	4726 	8534 	6000 	7310 	6900 	3249 	4894 	5303 	2729 	5060 	7415 	6878 	7355 	7790 	2879 	1258 	8090 	7721 	4011 	5431 	4000 	4925 	9437 	5985 	7303 	5564 	4730 	2799 	10544 	4420 	4925 	4280 	8508 	1865 		1980 	4170 	5960 	2520 	19660 	4635 	3020 	1775 	9055 	5983 	3710 	3335 
																																																		4457 	9437 	7048 	5039 	8421 	6160 	7170 	6800 	4967 	5224 	5822 	2785 	5480 	7325 	7491 	7525 	8480 	2792 	680 	6670 	4754 	4927 	6056 	4450 	4800 	9409 	6020 	8504 	4945 	4731 	2971 	9896 	4980 	4960 	3450 	8147 	1200 		2100 	4520 	5855 	2600 	10840 	4540 	4400 	1885 	8435 	5460 	3865 	3345 
																																																		4540 	9690 	7251 	4723 	8831 	6910 	7160 	7200 	7727 	5071 	5663 	3226 	5720 	7265 	6733 	7165 	2610 	3030 	746 	5205 	3100 	4585 	5941 	4500 	5175 	9793 	6075 	6213 	4992 	4678 	3318 	9216 	4860 	5040 	4310 	8766 	1865 		2140 	4460 	5920 	2620 	26940 	4225 	2520 	6670 	8793 	5629 	6010 	3415 
																																																		3942 	8637 	6573 	3282 	8482 	7260 	6720 	7500 	10784 	5094 	5623 	2829 	3620 	6030 	4393 	6900 	2780 	2911 	578 	3645 	3542 	4404 	6049 	4250 	4740 	7728 	6075 	7603 	4632 	4606 	2884 	8896 	4820 	4670 	3880 	8657 	2045 		2200 	4640 	5900 	2560 	25580 	4600 	3380 	5645 	7987 	5900 	6470 	3610 
																																																		3612 	10153 	7042 	4507 	8586 	7570 	6510 	7500 	10912 	5248 	5439 	3583 	4180 	5845 	4611 	6340 	6020 	2744 	1424 	3595 	3354 	4234 	6186 	4950 	5240 	7508 	6075 	6564 	4976 	4418 	2799 	9148 	4820 	4880 	4630 	8746 	1765 		2320 	4540 	5900 	2500 	5410 	4690 	2280 	5410 	7873 	5789 	4500 	3500 
																																																		3368 	9988 	7377 	4518 	9076 	6370 	6970 	6300 	7024 	4630 	4722 	4670 	4740 	6105 	7656 	6460 	3800 	2820 	5742 	10135 	4284 	4343 	4859 	5150 	5330 	7403 	6145 	6914 	5070 	4419 	2846 	9484 	4480 	4610 	5000 	8928 	1685 		1920 	4780 	5845 	2540 	19220 	4570 	3260 	1565 	5860 	6121 	4015 	3155 
																																																		3275 	10801 	7654 	5158 	9290 	6180 	7590 	6800 	5096 	4900 	4686 	2767 	5290 	6265 	6511 	6950 	4380 	2979 	2914 	11385 	4442 	4046 	5291 	4950 	5270 	6779 	6145 	6950 	5222 	4365 	2872 	9096 	4500 	4820 	5020 	8704 	1535 		1970 	4740 	5865 	2620 	4850 	4735 	4700 	5470 	5642 	4826 	5480 	3310 
																																																		3859 	9192 	6779 	4503 	8259 	5930 	6960 	6100 	2153 	4209 	3845 	2168 	4580 	6775 	6850 	6805 	2290 	3425 	1558 	10445 	6266 	3798 	5069 	4850 	4910 	7852 	6175 	7892 	5467 	4263 	2695 	9648 	5080 	4780 	4660 	8694 	1725 		1950 	4620 	5755 	2720 	6840 	5160 	4760 	3280 	6792 	3665 	3375 	3170 
																																																		4762 	8751 	6349 	4154 	7730 	5980 	7000 	5200 	1599 	3641 	3710 	3441 	4640 	6825 	5824 	6605 	4390 	4046 	1100 	9520 	6176 	3274 	4890 	4900 	4645 	7339 	6175 	6009 	4533 	4206 	2190 	10352 	4140 	4695 	5180 	8751 	1825 		2190 	4310 	5725 	2720 	33610 	5765 	5480 	6785 	7959 	1574 	5045 	3205 
																																																		4895 	10019 	6003 	4716 	6809 	5740 	6640 	5100 	1447 	4211 	3871 	2244 	4400 	7170 	5568 	7195 	5040 	2308 	1000 	8940 	7775 	3572 	2170 	4500 	5445 	8017 	6175 	7231 	4789 	4211 	6026 	10800 	4600 	4825 	3860 	5895 	1940 		2470 	4100 	5670 	2720 	640 	5965 	4620 	4085 	6610 	4381 	1895 	3210 
																																																		3949 	9936 	6371 	5014 	7229 	5840 	6420 	7000 	1505 	4109 	3843 	5289 	4790 	7380 	7174 	6875 	5440 	2413 	1344 	5885 	7618 	3958 	1222 	4150 	5375 	9216 	6195 	5857 	4760 	4187 	5036 	10620 	4660 	4795 	4140 	6156 	2130 		2450 	4230 	5625 		690 	5880 	4240 	6466 	5966 	3452 		3215 
																																																		4717 	10950 	7664 	5924 	8913 	6350 	7460 	7600 		5112 	4939 	3497 	5960 		8294 	7530 	5110 	2805 	1124 	7690 	6653 	4852 	2618 	5300 	5615 	9215 	6195 	8187 	4849 	4240 	5868 		4000 	5075 	4210 	6106 	2530 		2360 	4140 			4790 		6160 	6744 	8290 	3723 		
																																																		5034 	10232 	6970 	5229 	8075 	6290 	7080 	7200 		4854 	4810 	3953 	5390 		8016 	7075 	7880 	2806 	880 	6245 	5807 	4362 	5593 	4800 	5230 	7324 	6200 	6308 	4322 	4407 	5405 		3900 	4960 	3860 	6036 	2235 		2250 	4130 			30860 		4120 	6424 	7170 	5815 		
																																																		5865 	10174 	6964 	5315 	8094 	6310 	6990 	7000 		5038 	5259 	3911 	5450 		7137 	7195 	9260 	2613 	1028 	5560 	4410 	3901 	6556 	5300 	5460 	9637 	6115 	6624 	4846 	4593 	5432 		3980 	4960 	4480 	6009 	2265 		2400 	4250 			22380 		6900 	5172 	7193 	4861 		
																																																		5321 	9971 	7577 	5378 	8995 	6650 	6930 	7400 		5254 	5592 	4949 	5620 		6274 	6705 	2800 	2873 	980 	4850 	3509 	5167 	6021 	4850 	5690 	8812 	6115 	7766 	4549 	4673 	5301 		3880 	4935 	3830 	6141 	2225 		2300 	4480 			17140 		4020 	889 	7124 	3310 		
																																																		4715 	8728 	6619 	3144 	8567 	6770 	6570 	7400 		5236 	5231 	4258 	3050 		3904 	6995 	1930 	2703 	1104 	3830 	2097 	3833 	6242 	4000 	5340 	7512 	6195 	6038 	4113 	4599 	4205 		3560 	4855 	4880 	6125 	2230 		2250 	4610 			22570 		5400 	1787 	7394 	6128 		
																																																		3937 	10494 	7474 	4566 	9159 	6960 	6670 	7500 		5011 	4757 	4332 	4260 		4834 	6975 	4440 				3205 	4372 	5449 	4800 	5630 	6984 	6210 	6096 	4486 	4488 	6479 		3380 	5135 	5100 	6273 			2450 	4330 			21310 		3560 	5726 	6790 	5525 		
																																																		3418 	10043 	7668 	5064 	9318 	6320 	6900 			4841 	4617 		4590 		5788 	6670 	5030 				5319 	4297 	4117 	4050 	5785 	10511 	6210 	8297 	4669 	4516 	5146 		3280 		4630 	6148 			2280 	4090 			19260 		5460 	8854 	7070 	3466 		
																																																			10458 	7725 	5884 	9003 	6460 				4829 	4245 		5470 		6881 	7090 	4200 				5408 	4471 	5381 	4550 	5660 	11278 	6210 	5567 	5259 	4364 	5766 		3900 		5270 	6212 			2200 	4020 			11090 		5580 	3313 	7634 	4570 		
																																																			9207 	7223 	5665 	8322 	6180 				4165 	3652 		5430 		6731 	7135 	4320 				9622 	4422 	5041 	4000 	5465 	7918 	6210 	8169 	4411 	4303 	5778 		3820 		4860 	6335 			2140 	4040 			11040 		5220 	6747 	6964 	4005 		
																																																			8515 	6461 	5005 	7438 	6110 				4196 	3598 		4950 		6372 	7355 	4010 				5893 	3842 	5766 	3750 	5305 	11260 	6215 	7570 	3572 	2113 	3913 		3920 		2950 	6485 			1940 	4020 			22420 		5200 	3571 	7053 	4849 		
